Building container image 'orbitkit-linux-desktop:1'...
#0 building with "default" instance using docker driver

#1 [internal] load build definition from linux-desktop.Dockerfile
#1 transferring dockerfile: 1.94kB done
#1 DONE 0.0s

#2 [internal] load metadata for docker.io/library/rust:1-bookworm
#2 DONE 0.0s

#3 [internal] load .dockerignore
#3 transferring context: 2B done
#3 DONE 0.0s

#4 [1/3] FROM docker.io/library/rust:1-bookworm@sha256:93ce27a88655056a51dbdd8f5f2d7ddc071c7b0070fb288a37b5a285fc83971e
#4 resolve docker.io/library/rust:1-bookworm@sha256:93ce27a88655056a51dbdd8f5f2d7ddc071c7b0070fb288a37b5a285fc83971e 0.0s done
#4 CACHED

#5 [2/3] RUN apt-get update &&     apt-get install -y --no-install-recommends         libwebkit2gtk-4.1-dev         build-essential         curl         wget         file         libxdo-dev         libssl-dev         libayatana-appindicator3-dev         librsvg2-dev         xvfb         xdotool         x11-utils         wmctrl         imagemagick         openbox         shellcheck         fonts-dejavu-core         dbus-x11         ca-certificates         gnupg &&     curl -fsSL https://deb.nodesource.com/setup_22.x | bash - &&     apt-get install -y --no-install-recommends nodejs &&     npm install -g pnpm@12.4.1 &&     apt-get clean &&     rm -rf /var/lib/apt/lists/*
#5 0.264 Get:1 http://deb.debian.org/debian bookworm InRelease [151 kB]
#5 0.373 Get:2 http://deb.debian.org/debian bookworm-updates InRelease [55.4 kB]
#5 0.410 Get:3 http://deb.debian.org/debian-security bookworm-security InRelease [34.8 kB]
#5 0.448 Get:4 http://deb.debian.org/debian bookworm/main amd64 Packages [8790 kB]
#5 0.691 Get:5 http://deb.debian.org/debian bookworm-updates/main amd64 Packages [6924 B]
#5 0.725 Get:6 http://deb.debian.org/debian-security bookworm-security/main amd64 Packages [341 kB]
#5 1.246 Fetched 9379 kB in 1s (8731 kB/s)
#5 1.246 Reading package lists...
#5 1.588 Reading package lists...
#5 1.923 Building dependency tree...
#5 2.071 Reading state information...
#5 2.213 curl is already the newest version (7.88.1-10+deb12u15).
#5 2.213 wget is already the newest version (1.21.3-1+deb12u1).
#5 2.213 file is already the newest version (1:5.44-3).
#5 2.213 libssl-dev is already the newest version (3.0.20-1~deb12u2).
#5 2.213 librsvg2-dev is already the newest version (2.54.7+dfsg-1~deb12u1).
#5 2.213 librsvg2-dev set to manually installed.
#5 2.213 imagemagick is already the newest version (8:6.9.11.60+dfsg-1.6+deb12u13).
#5 2.213 fonts-dejavu-core is already the newest version (2.37-6).
#5 2.213 fonts-dejavu-core set to manually installed.
#5 2.213 ca-certificates is already the newest version (20250419~deb12u1).
#5 2.213 gnupg is already the newest version (2.2.40-1.1+deb12u2).
#5 2.213 The following additional packages will be installed:
#5 2.213   adwaita-icon-theme at-spi2-common bubblewrap dbus-bin dbus-daemon
#5 2.213   dbus-session-bus-common dconf-gsettings-backend dconf-service
#5 2.213   dictionaries-common emacsen-common fonts-urw-base35 gir1.2-adw-1
#5 2.213   gir1.2-atk-1.0 gir1.2-atspi-2.0 gir1.2-ayatanaappindicator3-0.1
#5 2.213   gir1.2-ayatanaido3-0.4 gir1.2-dbusmenu-glib-0.4 gir1.2-graphene-1.0
#5 2.213   gir1.2-gtk-2.0 gir1.2-gtk-3.0 gir1.2-gtk-4.0 gir1.2-harfbuzz-0.0
#5 2.213   gir1.2-javascriptcoregtk-4.1 gir1.2-json-1.0 gir1.2-pango-1.0
#5 2.213   gir1.2-polkit-1.0 gir1.2-soup-3.0 gir1.2-webkit2-4.1 glib-networking
#5 2.213   glib-networking-common glib-networking-services gobject-introspection
#5 2.213   gsettings-desktop-schemas gstreamer1.0-plugins-base
#5 2.213   gstreamer1.0-plugins-good gtk-update-icon-cache hunspell-en-us iso-codes
#5 2.213   libaa1 libabsl20220623 libadwaita-1-0 libadwaita-1-dev libapparmor1
#5 2.213   libasound2 libasound2-data libaspell15 libasyncns0 libatk-bridge2.0-0
#5 2.213   libatk-bridge2.0-dev libatk1.0-0 libatk1.0-dev libatspi2.0-0 libatspi2.0-dev
#5 2.213   libavahi-client3 libavahi-common-data libavahi-common3 libavc1394-0
#5 2.213   libavif15 libayatana-appindicator3-1 libayatana-ido3-0.4-0
#5 2.213   libayatana-ido3-dev libayatana-indicator3-7 libayatana-indicator3-dev
#5 2.213   libcaca0 libcap2-bin libcdparanoia0 libcloudproviders0 libcolord2 libcups2
#5 2.213   libdatrie-dev libdbus-1-3 libdbus-1-dev libdbusmenu-glib-dev
#5 2.213   libdbusmenu-glib4 libdbusmenu-gtk3-4 libdconf1 libdrm-amdgpu1 libdrm-common
#5 2.213   libdrm-intel1 libdrm-nouveau2 libdrm-radeon1 libdrm2 libdv4 libdw1
#5 2.213   libegl-dev libegl-mesa0 libegl1 libegl1-mesa-dev libenchant-2-2 libepoxy-dev
#5 2.213   libepoxy0 libevdev2 libflac12 libflite1 libfontenc1 libfribidi-dev libgav1-1
#5 2.213   libgbm1 libgif7 libgirepository1.0-dev libgl-dev libgl1 libgl1-mesa-dri
#5 2.213   libglapi-mesa libgles-dev libgles1 libgles2 libglvnd-core-dev libglvnd-dev
#5 2.213   libglvnd0 libglx-dev libglx-mesa0 libglx0 libgpm2 libgraphene-1.0-0
#5 2.213   libgraphene-1.0-dev libgraphite2-dev libgs-common libgs10 libgs10-common
#5 2.213   libgstreamer-gl1.0-0 libgstreamer-plugins-base1.0-0 libgstreamer1.0-0
#5 2.213   libgtk-3-0 libgtk-3-common libgtk-3-dev libgtk-4-1 libgtk-4-common
#5 2.213   libgtk-4-dev libgtk2.0-0 libgtk2.0-common libgtk2.0-dev libgudev-1.0-0
#5 2.213   libharfbuzz-dev libharfbuzz-gobject0 libharfbuzz-icu0 libharfbuzz-subset0
#5 2.213   libhunspell-1.7-0 libhwy1 libhyphen0 libid3tag0 libidn12 libiec61883-0
#5 2.213   libijs-0.35 libimlib2 libjack-jackd2-0 libjavascriptcoregtk-4.1-0
#5 2.213   libjavascriptcoregtk-4.1-dev libjbig2dec0 libjson-glib-1.0-0
#5 2.213   libjson-glib-1.0-common libjson-glib-dev libjxl0.7 libllvm15
#5 2.213   libmanette-0.2-0 libmp3lame0 libmpg123-0 libnghttp2-dev libobrender32v5
#5 2.213   libobt2v5 libogg0 libopengl-dev libopengl0 libopus0 liborc-0.4-0
#5 2.213   libpango1.0-dev libpangoxft-1.0-0 libpaper1 libpciaccess0
#5 2.213   libpolkit-agent-1-0 libpolkit-gobject-1-0 libpolkit-gobject-1-dev
#5 2.213   libproxy1v5 libpsl-dev libpulse0 librav1e0 libraw1394-11 libsamplerate0
#5 2.213   libsecret-1-0 libsecret-common libsensors-config libsensors5 libshout3
#5 2.213   libslang2 libsndfile1 libsoup-3.0-0 libsoup-3.0-common libsoup-3.0-dev
#5 2.213   libsoup2.4-1 libsoup2.4-common libspectre1 libspeex1
#5 2.213   libstartup-notification0 libsvtav1enc1 libsysprof-4 libsysprof-4-dev
#5 2.213   libsysprof-ui-5 libtag1v5 libtag1v5-vanilla libtext-iconv-perl libthai-dev
#5 2.213   libtheora0 libtwolame0 libunwind8 libv4l-0 libv4lconvert0 libvisual-0.4-0
#5 2.213   libvorbis0a libvorbisenc2 libvpx7 libvulkan-dev libvulkan1 libwavpack1
#5 2.213   libwayland-bin libwayland-client0 libwayland-cursor0 libwayland-dev
#5 2.213   libwayland-egl1 libwayland-server0 libwebkit2gtk-4.1-0 libwoff1 libx11-xcb1
#5 2.213   libxaw7 libxcb-dri2-0 libxcb-dri3-0 libxcb-glx0 libxcb-present0
#5 2.213   libxcb-randr0 libxcb-shape0 libxcb-sync1 libxcb-util1 libxcb-xfixes0
#5 2.214   libxcomposite-dev libxcomposite1 libxcursor-dev libxcursor1 libxdamage-dev
#5 2.214   libxdamage1 libxdo3 libxfixes-dev libxfixes3 libxfont2 libxft-dev libxft2
#5 2.214   libxi-dev libxi6 libxinerama-dev libxinerama1 libxkbcommon-dev libxkbcommon0
#5 2.214   libxkbfile1 libxml2-utils libxmu6 libxmuu1 libxpm4 libxrandr-dev libxrandr2
#5 2.214   libxshmfence1 libxtst-dev libxtst6 libxv1 libxxf86dga1 libxxf86vm1 libyuv0
#5 2.214   libz3-4 pango1.0-tools poppler-data python3-mako python3-markdown
#5 2.214   python3-markupsafe python3-pkg-resources sgml-base wayland-protocols
#5 2.214   x11-xkb-utils xdg-dbus-proxy xfonts-encodings xfonts-utils xkb-data xml-core
#5 2.214   xserver-common
#5 2.215 Suggested packages:
#5 2.215   ispell | aspell | hunspell wordlist fonts-freefont-otf | fonts-freefont-ttf
#5 2.215   fonts-texgyre gvfs hunspell openoffice.org-hunspell | openoffice.org-core
#5 2.215   isoquery libadwaita-1-doc libasound2-plugins alsa-utils aspell colord
#5 2.215   cups-common libdatrie-doc libdv-bin oss-compat libenchant-2-voikko
#5 2.215   libgirepository1.0-doc gpm libgraphene-doc libgraphite2-utils
#5 2.215   libvisual-0.4-plugins gstreamer1.0-tools libgtk-3-doc
#5 2.215   libgtk-4-media-gstreamer | libgtk-4-media-ffmpeg libgtk-4-doc gtk-4-examples
#5 2.215   libgtk2.0-doc jackd2 libjson-glib-doc libnghttp2-doc opus-tools
#5 2.215   libpango1.0-doc pciutils pulseaudio libraw1394-doc lm-sensors
#5 2.215   libsoup-3.0-doc speex libthai-doc libwayland-doc gstreamer1.0-alsa
#5 2.215   fonts-dejavu tint2 openbox-gnome-session openbox-kde-session graphicsmagick
#5 2.215   poppler-utils ghostscript fonts-japanese-mincho | fonts-ipafont-mincho
#5 2.215   fonts-japanese-gothic | fonts-ipafont-gothic fonts-arphic-ukai
#5 2.215   fonts-arphic-uming fonts-nanum python-mako-doc python3-beaker
#5 2.215   python-markdown-doc python3-setuptools sgml-base-doc mesa-utils debhelper
#5 2.215 Recommended packages:
#5 2.215   gstreamer1.0-x alsa-ucm-conf alsa-topology-conf aspell-en
#5 2.215   | aspell-dictionary | aspell6a-dictionary at-spi2-core libpam-cap dbus
#5 2.215   enchant-2 fonts-droid-fallback gstreamer1.0-gl libgtk-3-bin libgtk-4-bin
#5 2.215   libgail-common libgtk2.0-bin debhelper libpaper-utils mesa-vulkan-drivers
#5 2.215   | vulkan-icd xdg-desktop-portal-gtk gstreamer1.0-libav
#5 2.215   gstreamer1.0-plugins-bad obconf | obconf-qt scrot python3-pygments
#5 2.215   python3-yaml xfonts-base xauth
#5 3.101 The following NEW packages will be installed:
#5 3.101   adwaita-icon-theme at-spi2-common bubblewrap build-essential dbus-bin
#5 3.101   dbus-daemon dbus-session-bus-common dbus-x11 dconf-gsettings-backend
#5 3.101   dconf-service dictionaries-common emacsen-common fonts-urw-base35
#5 3.101   gir1.2-adw-1 gir1.2-atk-1.0 gir1.2-atspi-2.0 gir1.2-ayatanaappindicator3-0.1
#5 3.101   gir1.2-ayatanaido3-0.4 gir1.2-dbusmenu-glib-0.4 gir1.2-graphene-1.0
#5 3.101   gir1.2-gtk-2.0 gir1.2-gtk-3.0 gir1.2-gtk-4.0 gir1.2-harfbuzz-0.0
#5 3.101   gir1.2-javascriptcoregtk-4.1 gir1.2-json-1.0 gir1.2-pango-1.0
#5 3.101   gir1.2-polkit-1.0 gir1.2-soup-3.0 gir1.2-webkit2-4.1 glib-networking
#5 3.101   glib-networking-common glib-networking-services gobject-introspection
#5 3.101   gsettings-desktop-schemas gstreamer1.0-plugins-base
#5 3.101   gstreamer1.0-plugins-good gtk-update-icon-cache hunspell-en-us iso-codes
#5 3.101   libaa1 libabsl20220623 libadwaita-1-0 libadwaita-1-dev libapparmor1
#5 3.101   libasound2 libasound2-data libaspell15 libasyncns0 libatk-bridge2.0-0
#5 3.101   libatk-bridge2.0-dev libatk1.0-0 libatk1.0-dev libatspi2.0-0 libatspi2.0-dev
#5 3.101   libavahi-client3 libavahi-common-data libavahi-common3 libavc1394-0
#5 3.101   libavif15 libayatana-appindicator3-1 libayatana-appindicator3-dev
#5 3.101   libayatana-ido3-0.4-0 libayatana-ido3-dev libayatana-indicator3-7
#5 3.101   libayatana-indicator3-dev libcaca0 libcap2-bin libcdparanoia0
#5 3.102   libcloudproviders0 libcolord2 libcups2 libdatrie-dev libdbus-1-3
#5 3.102   libdbus-1-dev libdbusmenu-glib-dev libdbusmenu-glib4 libdbusmenu-gtk3-4
#5 3.102   libdconf1 libdrm-amdgpu1 libdrm-common libdrm-intel1 libdrm-nouveau2
#5 3.102   libdrm-radeon1 libdrm2 libdv4 libdw1 libegl-dev libegl-mesa0 libegl1
#5 3.102   libegl1-mesa-dev libenchant-2-2 libepoxy-dev libepoxy0 libevdev2 libflac12
#5 3.102   libflite1 libfontenc1 libfribidi-dev libgav1-1 libgbm1 libgif7
#5 3.102   libgirepository1.0-dev libgl-dev libgl1 libgl1-mesa-dri libglapi-mesa
#5 3.102   libgles-dev libgles1 libgles2 libglvnd-core-dev libglvnd-dev libglvnd0
#5 3.102   libglx-dev libglx-mesa0 libglx0 libgpm2 libgraphene-1.0-0
#5 3.102   libgraphene-1.0-dev libgraphite2-dev libgs-common libgs10 libgs10-common
#5 3.102   libgstreamer-gl1.0-0 libgstreamer-plugins-base1.0-0 libgstreamer1.0-0
#5 3.102   libgtk-3-0 libgtk-3-common libgtk-3-dev libgtk-4-1 libgtk-4-common
#5 3.102   libgtk-4-dev libgtk2.0-0 libgtk2.0-common libgtk2.0-dev libgudev-1.0-0
#5 3.102   libharfbuzz-dev libharfbuzz-gobject0 libharfbuzz-icu0 libharfbuzz-subset0
#5 3.102   libhunspell-1.7-0 libhwy1 libhyphen0 libid3tag0 libidn12 libiec61883-0
#5 3.102   libijs-0.35 libimlib2 libjack-jackd2-0 libjavascriptcoregtk-4.1-0
#5 3.102   libjavascriptcoregtk-4.1-dev libjbig2dec0 libjson-glib-1.0-0
#5 3.102   libjson-glib-1.0-common libjson-glib-dev libjxl0.7 libllvm15
#5 3.102   libmanette-0.2-0 libmp3lame0 libmpg123-0 libnghttp2-dev libobrender32v5
#5 3.102   libobt2v5 libogg0 libopengl-dev libopengl0 libopus0 liborc-0.4-0
#5 3.102   libpango1.0-dev libpangoxft-1.0-0 libpaper1 libpciaccess0
#5 3.102   libpolkit-agent-1-0 libpolkit-gobject-1-0 libpolkit-gobject-1-dev
#5 3.102   libproxy1v5 libpsl-dev libpulse0 librav1e0 libraw1394-11 libsamplerate0
#5 3.102   libsecret-1-0 libsecret-common libsensors-config libsensors5 libshout3
#5 3.102   libslang2 libsndfile1 libsoup-3.0-0 libsoup-3.0-common libsoup-3.0-dev
#5 3.102   libsoup2.4-1 libsoup2.4-common libspectre1 libspeex1
#5 3.102   libstartup-notification0 libsvtav1enc1 libsysprof-4 libsysprof-4-dev
#5 3.102   libsysprof-ui-5 libtag1v5 libtag1v5-vanilla libtext-iconv-perl libthai-dev
#5 3.102   libtheora0 libtwolame0 libunwind8 libv4l-0 libv4lconvert0 libvisual-0.4-0
#5 3.102   libvorbis0a libvorbisenc2 libvpx7 libvulkan-dev libvulkan1 libwavpack1
#5 3.102   libwayland-bin libwayland-client0 libwayland-cursor0 libwayland-dev
#5 3.102   libwayland-egl1 libwayland-server0 libwebkit2gtk-4.1-0 libwebkit2gtk-4.1-dev
#5 3.102   libwoff1 libx11-xcb1 libxaw7 libxcb-dri2-0 libxcb-dri3-0 libxcb-glx0
#5 3.102   libxcb-present0 libxcb-randr0 libxcb-shape0 libxcb-sync1 libxcb-util1
#5 3.102   libxcb-xfixes0 libxcomposite-dev libxcomposite1 libxcursor-dev libxcursor1
#5 3.102   libxdamage-dev libxdamage1 libxdo-dev libxdo3 libxfixes-dev libxfixes3
#5 3.102   libxfont2 libxft-dev libxft2 libxi-dev libxi6 libxinerama-dev libxinerama1
#5 3.102   libxkbcommon-dev libxkbcommon0 libxkbfile1 libxml2-utils libxmu6 libxmuu1
#5 3.102   libxpm4 libxrandr-dev libxrandr2 libxshmfence1 libxtst-dev libxtst6 libxv1
#5 3.102   libxxf86dga1 libxxf86vm1 libyuv0 libz3-4 openbox pango1.0-tools poppler-data
#5 3.103   python3-mako python3-markdown python3-markupsafe python3-pkg-resources
#5 3.103   sgml-base shellcheck wayland-protocols wmctrl x11-utils x11-xkb-utils
#5 3.103   xdg-dbus-proxy xdotool xfonts-encodings xfonts-utils xkb-data xml-core
#5 3.103   xserver-common xvfb
#5 3.194 0 upgraded, 291 newly installed, 0 to remove and 2 not upgraded.
#5 3.194 Need to get 176 MB of archives.
#5 3.194 After this operation, 753 MB of additional disk space will be used.
#5 3.194 Get:1 http://deb.debian.org/debian bookworm/main amd64 poppler-data all 0.4.12-1 [1601 kB]
#5 3.408 Get:2 http://deb.debian.org/debian bookworm/main amd64 sgml-base all 1.31 [15.4 kB]
#5 3.410 Get:3 http://deb.debian.org/debian bookworm/main amd64 gtk-update-icon-cache amd64 3.24.38-2~deb12u3 [44.2 kB]
#5 3.444 Get:4 http://deb.debian.org/debian bookworm/main amd64 adwaita-icon-theme all 43-1 [5124 kB]
#5 3.573 Get:5 http://deb.debian.org/debian bookworm/main amd64 at-spi2-common all 2.46.0-5 [162 kB]
#5 3.580 Get:6 http://deb.debian.org/debian bookworm/main amd64 bubblewrap amd64 0.8.0-2+deb12u1 [47.3 kB]
#5 3.580 Get:7 http://deb.debian.org/debian bookworm/main amd64 build-essential amd64 12.9 [7704 B]
#5 3.614 Get:8 http://deb.debian.org/debian bookworm/main amd64 libdbus-1-3 amd64 1.14.10-1~deb12u1 [201 kB]
#5 3.617 Get:9 http://deb.debian.org/debian bookworm/main amd64 dbus-bin amd64 1.14.10-1~deb12u1 [105 kB]
#5 3.618 Get:10 http://deb.debian.org/debian bookworm/main amd64 dbus-session-bus-common all 1.14.10-1~deb12u1 [78.2 kB]
#5 3.618 Get:11 http://deb.debian.org/debian bookworm/main amd64 libapparmor1 amd64 3.0.8-3 [41.2 kB]
#5 3.621 Get:12 http://deb.debian.org/debian bookworm/main amd64 dbus-daemon amd64 1.14.10-1~deb12u1 [184 kB]
#5 3.622 Get:13 http://deb.debian.org/debian bookworm/main amd64 dbus-x11 amd64 1.14.10-1~deb12u1 [91.0 kB]
#5 3.622 Get:14 http://deb.debian.org/debian bookworm/main amd64 libdconf1 amd64 0.40.0-4 [40.9 kB]
#5 3.623 Get:15 http://deb.debian.org/debian bookworm/main amd64 dconf-service amd64 0.40.0-4 [31.6 kB]
#5 3.623 Get:16 http://deb.debian.org/debian bookworm/main amd64 dconf-gsettings-backend amd64 0.40.0-4 [27.8 kB]
#5 3.647 Get:17 http://deb.debian.org/debian bookworm/main amd64 libtext-iconv-perl amd64 1.7-8 [14.5 kB]
#5 3.683 Get:18 http://deb.debian.org/debian bookworm/main amd64 emacsen-common all 3.0.5 [12.3 kB]
#5 3.717 Get:19 http://deb.debian.org/debian bookworm/main amd64 dictionaries-common all 1.29.5 [184 kB]
#5 3.719 Get:20 http://deb.debian.org/debian bookworm/main amd64 libfontenc1 amd64 1:1.1.4-1 [24.3 kB]
#5 3.719 Get:21 http://deb.debian.org/debian bookworm/main amd64 xfonts-encodings all 1:1.0.4-2.2 [577 kB]
#5 3.726 Get:22 http://deb.debian.org/debian bookworm/main amd64 xfonts-utils amd64 1:7.7+6 [93.0 kB]
#5 3.762 Get:23 http://deb.debian.org/debian bookworm/main amd64 fonts-urw-base35 all 20200910-7 [10.8 MB]
#5 3.999 Get:24 http://deb.debian.org/debian bookworm/main amd64 libgraphene-1.0-0 amd64 1.10.8-1 [43.2 kB]
#5 4.000 Get:25 http://deb.debian.org/debian bookworm/main amd64 gir1.2-graphene-1.0 amd64 1.10.8-1 [12.3 kB]
#5 4.034 Get:26 http://deb.debian.org/debian bookworm/main amd64 gir1.2-harfbuzz-0.0 amd64 6.0.0+dfsg-3 [1579 kB]
#5 4.066 Get:27 http://deb.debian.org/debian bookworm/main amd64 libxft2 amd64 2.3.6-1 [61.8 kB]
#5 4.068 Get:28 http://deb.debian.org/debian bookworm/main amd64 libpangoxft-1.0-0 amd64 1.50.12+ds-1 [26.7 kB]
#5 4.068 Get:29 http://deb.debian.org/debian bookworm/main amd64 gir1.2-pango-1.0 amd64 1.50.12+ds-1 [37.4 kB]
#5 4.068 Get:30 http://deb.debian.org/debian bookworm/main amd64 libcloudproviders0 amd64 0.3.1-2 [27.8 kB]
#5 4.118 Get:31 http://deb.debian.org/debian bookworm/main amd64 libcolord2 amd64 1.4.6-2.2 [137 kB]
#5 4.120 Get:32 http://deb.debian.org/debian bookworm/main amd64 libavahi-common-data amd64 0.8-10+deb12u1 [107 kB]
#5 4.120 Get:33 http://deb.debian.org/debian bookworm/main amd64 libavahi-common3 amd64 0.8-10+deb12u1 [42.1 kB]
#5 4.121 Get:34 http://deb.debian.org/debian bookworm/main amd64 libavahi-client3 amd64 0.8-10+deb12u1 [45.8 kB]
#5 4.122 Get:35 http://deb.debian.org/debian bookworm/main amd64 libcups2 amd64 2.4.2-3+deb12u9 [245 kB]
#5 4.124 Get:36 http://deb.debian.org/debian bookworm/main amd64 libepoxy0 amd64 1.5.10-1 [189 kB]
#5 4.134 Get:37 http://deb.debian.org/debian bookworm/main amd64 libwayland-client0 amd64 1.21.0-1 [28.3 kB]
#5 4.134 Get:38 http://deb.debian.org/debian bookworm/main amd64 libwayland-egl1 amd64 1.21.0-1 [8640 B]
#5 4.134 Get:39 http://deb.debian.org/debian bookworm/main amd64 libxfixes3 amd64 1:6.0.0-2 [22.7 kB]
#5 4.134 Get:40 http://deb.debian.org/debian bookworm/main amd64 libxcursor1 amd64 1:1.2.1-1 [40.9 kB]
#5 4.166 Get:41 http://deb.debian.org/debian bookworm/main amd64 libxdamage1 amd64 1:1.1.6-1 [15.1 kB]
#5 4.166 Get:42 http://deb.debian.org/debian bookworm/main amd64 libxi6 amd64 2:1.8-1+b1 [84.2 kB]
#5 4.168 Get:43 http://deb.debian.org/debian bookworm/main amd64 libxinerama1 amd64 2:1.1.4-3 [17.8 kB]
#5 4.168 Get:44 http://deb.debian.org/debian bookworm/main amd64 xkb-data all 2.35.1-1 [764 kB]
#5 4.181 Get:45 http://deb.debian.org/debian bookworm/main amd64 libxkbcommon0 amd64 1.5.0-1 [106 kB]
#5 4.182 Get:46 http://deb.debian.org/debian bookworm/main amd64 libxrandr2 amd64 2:1.5.2-2+b1 [39.2 kB]
#5 4.231 Get:47 http://deb.debian.org/debian bookworm/main amd64 libgtk-4-common all 4.8.3+ds-2+deb12u1 [1854 kB]
#5 4.303 Get:48 http://deb.debian.org/debian bookworm/main amd64 libgtk-4-1 amd64 4.8.3+ds-2+deb12u1 [2767 kB]
#5 4.391 Get:49 http://deb.debian.org/debian bookworm/main amd64 gir1.2-gtk-4.0 amd64 4.8.3+ds-2+deb12u1 [191 kB]
#5 4.430 Get:50 http://deb.debian.org/debian bookworm/main amd64 libadwaita-1-0 amd64 1.2.2-1 [304 kB]
#5 4.434 Get:51 http://deb.debian.org/debian bookworm/main amd64 gir1.2-adw-1 amd64 1.2.2-1 [29.6 kB]
#5 4.434 Get:52 http://deb.debian.org/debian bookworm/main amd64 libatk1.0-0 amd64 2.46.0-5 [49.6 kB]
#5 4.434 Get:53 http://deb.debian.org/debian bookworm/main amd64 gir1.2-atk-1.0 amd64 2.46.0-5 [23.7 kB]
#5 4.436 Get:54 http://deb.debian.org/debian bookworm/main amd64 libatspi2.0-0 amd64 2.46.0-5 [75.4 kB]
#5 4.436 Get:55 http://deb.debian.org/debian bookworm/main amd64 gir1.2-atspi-2.0 amd64 2.46.0-5 [20.7 kB]
#5 4.437 Get:56 http://deb.debian.org/debian bookworm/main amd64 libatk-bridge2.0-0 amd64 2.46.0-5 [64.6 kB]
#5 4.438 Get:57 http://deb.debian.org/debian bookworm/main amd64 libwayland-cursor0 amd64 1.21.0-1 [14.4 kB]
#5 4.438 Get:58 http://deb.debian.org/debian bookworm/main amd64 libxcomposite1 amd64 1:0.4.5-1 [16.6 kB]
#5 4.472 Get:59 http://deb.debian.org/debian bookworm/main amd64 libgtk-3-common all 3.24.38-2~deb12u3 [3895 kB]
#5 4.592 Get:60 http://deb.debian.org/debian bookworm/main amd64 libgtk-3-0 amd64 3.24.38-2~deb12u3 [2847 kB]
#5 4.683 Get:61 http://deb.debian.org/debian bookworm/main amd64 gir1.2-gtk-3.0 amd64 3.24.38-2~deb12u3 [220 kB]
#5 4.686 Get:62 http://deb.debian.org/debian bookworm/main amd64 libayatana-ido3-0.4-0 amd64 0.9.3-1 [57.6 kB]
#5 4.686 Get:63 http://deb.debian.org/debian bookworm/main amd64 libayatana-indicator3-7 amd64 0.9.3-1 [32.8 kB]
#5 4.686 Get:64 http://deb.debian.org/debian bookworm/main amd64 libdbusmenu-glib4 amd64 18.10.20180917~bzr492+repack1-3 [42.1 kB]
#5 4.688 Get:65 http://deb.debian.org/debian bookworm/main amd64 libdbusmenu-gtk3-4 amd64 18.10.20180917~bzr492+repack1-3 [29.0 kB]
#5 4.688 Get:66 http://deb.debian.org/debian bookworm/main amd64 libayatana-appindicator3-1 amd64 0.5.92-1 [24.5 kB]
#5 4.688 Get:67 http://deb.debian.org/debian bookworm/main amd64 gir1.2-ayatanaappindicator3-0.1 amd64 0.5.92-1 [9032 B]
#5 4.688 Get:68 http://deb.debian.org/debian bookworm/main amd64 gir1.2-ayatanaido3-0.4 amd64 0.9.3-1 [9112 B]
#5 4.688 Get:69 http://deb.debian.org/debian bookworm/main amd64 gir1.2-dbusmenu-glib-0.4 amd64 18.10.20180917~bzr492+repack1-3 [7632 B]
#5 4.721 Get:70 http://deb.debian.org/debian bookworm/main amd64 libgtk2.0-common all 2.24.33-2+deb12u1 [2660 kB]
#5 4.808 Get:71 http://deb.debian.org/debian bookworm/main amd64 libgtk2.0-0 amd64 2.24.33-2+deb12u1 [1811 kB]
#5 4.846 Get:72 http://deb.debian.org/debian bookworm/main amd64 gir1.2-gtk-2.0 amd64 2.24.33-2+deb12u1 [179 kB]
#5 4.882 Get:73 http://deb.debian.org/debian bookworm/main amd64 libjavascriptcoregtk-4.1-0 amd64 2.50.6-1~deb12u2 [7256 kB]
#5 5.036 Get:74 http://deb.debian.org/debian bookworm/main amd64 gir1.2-javascriptcoregtk-4.1 amd64 2.50.6-1~deb12u2 [52.6 kB]
#5 5.038 Get:75 http://deb.debian.org/debian bookworm/main amd64 libjson-glib-1.0-common all 1.6.6-1 [57.1 kB]
#5 5.038 Get:76 http://deb.debian.org/debian bookworm/main amd64 libjson-glib-1.0-0 amd64 1.6.6-1 [65.6 kB]
#5 5.044 Get:77 http://deb.debian.org/debian bookworm/main amd64 gir1.2-json-1.0 amd64 1.6.6-1 [13.4 kB]
#5 5.044 Get:78 http://deb.debian.org/debian bookworm/main amd64 libpolkit-gobject-1-0 amd64 122-3 [43.9 kB]
#5 5.045 Get:79 http://deb.debian.org/debian bookworm/main amd64 libpolkit-agent-1-0 amd64 122-3 [24.4 kB]
#5 5.046 Get:80 http://deb.debian.org/debian bookworm/main amd64 gir1.2-polkit-1.0 amd64 122-3 [16.3 kB]
#5 5.046 Get:81 http://deb.debian.org/debian bookworm/main amd64 libproxy1v5 amd64 0.4.18-1.2 [56.2 kB]
#5 5.046 Get:82 http://deb.debian.org/debian bookworm/main amd64 glib-networking-common all 2.74.0-4 [80.3 kB]
#5 5.104 Get:83 http://deb.debian.org/debian bookworm/main amd64 glib-networking-services amd64 2.74.0-4 [12.0 kB]
#5 5.104 Get:84 http://deb.debian.org/debian bookworm/main amd64 gsettings-desktop-schemas all 43.0-1 [643 kB]
#5 5.117 Get:85 http://deb.debian.org/debian bookworm/main amd64 glib-networking amd64 2.74.0-4 [68.4 kB]
#5 5.117 Get:86 http://deb.debian.org/debian bookworm/main amd64 libsoup-3.0-common all 3.2.3-0+deb12u2 [62.5 kB]
#5 5.152 Get:87 http://deb.debian.org/debian bookworm/main amd64 libsoup-3.0-0 amd64 3.2.3-0+deb12u2 [272 kB]
#5 5.155 Get:88 http://deb.debian.org/debian bookworm/main amd64 gir1.2-soup-3.0 amd64 3.2.3-0+deb12u2 [27.7 kB]
#5 5.155 Get:89 http://deb.debian.org/debian bookworm/main amd64 libcdparanoia0 amd64 3.10.2+debian-14 [48.8 kB]
#5 5.202 Get:90 http://deb.debian.org/debian bookworm/main amd64 libdw1 amd64 0.188-2.1 [235 kB]
#5 5.205 Get:91 http://deb.debian.org/debian bookworm/main amd64 libunwind8 amd64 1.6.2-3 [51.2 kB]
#5 5.205 Get:92 http://deb.debian.org/debian bookworm/main amd64 libcap2-bin amd64 1:2.66-4+deb12u3+b1 [35.2 kB]
#5 5.206 Get:93 http://deb.debian.org/debian bookworm/main amd64 libgstreamer1.0-0 amd64 1.22.0-2+deb12u1 [1170 kB]
#5 5.220 Get:94 http://deb.debian.org/debian bookworm/main amd64 liborc-0.4-0 amd64 1:0.4.33-2 [164 kB]
#5 5.238 Get:95 http://deb.debian.org/debian bookworm/main amd64 iso-codes all 4.15.0-1 [2906 kB]
#5 5.296 Get:96 http://deb.debian.org/debian bookworm/main amd64 libgstreamer-plugins-base1.0-0 amd64 1.22.0-3+deb12u6 [934 kB]
#5 5.320 Get:97 http://deb.debian.org/debian bookworm/main amd64 libogg0 amd64 1.3.5-3 [23.4 kB]
#5 5.353 Get:98 http://deb.debian.org/debian bookworm/main amd64 libopus0 amd64 1.3.1-3 [195 kB]
#5 5.403 Get:99 http://deb.debian.org/debian bookworm/main amd64 libtheora0 amd64 1.1.1+dfsg.1-16.1+deb12u1 [154 kB]
#5 5.439 Get:100 http://deb.debian.org/debian bookworm/main amd64 libvisual-0.4-0 amd64 0.4.0-19 [132 kB]
#5 5.440 Get:101 http://deb.debian.org/debian bookworm/main amd64 libvorbis0a amd64 1.3.7-1 [93.0 kB]
#5 5.441 Get:102 http://deb.debian.org/debian bookworm/main amd64 libvorbisenc2 amd64 1.3.7-1 [80.6 kB]
#5 5.442 Get:103 http://deb.debian.org/debian bookworm/main amd64 gstreamer1.0-plugins-base amd64 1.22.0-3+deb12u6 [740 kB]
#5 5.451 Get:104 http://deb.debian.org/debian bookworm/main amd64 libgpm2 amd64 1.20.7-10+b1 [14.2 kB]
#5 5.485 Get:105 http://deb.debian.org/debian bookworm/main amd64 libslang2 amd64 2.3.3-3 [554 kB]
#5 5.492 Get:106 http://deb.debian.org/debian bookworm/main amd64 libaa1 amd64 1.4p5-50 [55.7 kB]
#5 5.492 Get:107 http://deb.debian.org/debian bookworm/main amd64 libraw1394-11 amd64 2.1.2-2 [41.1 kB]
#5 5.493 Get:108 http://deb.debian.org/debian bookworm/main amd64 libavc1394-0 amd64 0.5.4-5 [19.9 kB]
#5 5.526 Get:109 http://deb.debian.org/debian bookworm/main amd64 libcaca0 amd64 0.99.beta20-3+deb12u1 [201 kB]
#5 5.529 Get:110 http://deb.debian.org/debian bookworm/main amd64 libdv4 amd64 1.0.0-15 [74.4 kB]
#5 5.529 Get:111 http://deb.debian.org/debian bookworm/main amd64 libflac12 amd64 1.4.2+ds-2 [198 kB]
#5 5.532 Get:112 http://deb.debian.org/debian bookworm/main amd64 libgudev-1.0-0 amd64 237-2 [15.1 kB]
#5 5.532 Get:113 http://deb.debian.org/debian bookworm/main amd64 libiec61883-0 amd64 1.2.0-6+b1 [30.5 kB]
#5 5.566 Get:114 http://deb.debian.org/debian bookworm/main amd64 libsamplerate0 amd64 0.2.2-3 [952 kB]
#5 5.612 Get:115 http://deb.debian.org/debian bookworm/main amd64 libjack-jackd2-0 amd64 1.9.21~dfsg-3 [281 kB]
#5 5.717 Get:116 http://deb.debian.org/debian bookworm/main amd64 libmp3lame0 amd64 3.100-6 [365 kB]
#5 5.778 Get:117 http://deb.debian.org/debian bookworm/main amd64 libmpg123-0 amd64 1.31.2-1+deb12u1 [147 kB]
#5 5.780 Get:118 http://deb.debian.org/debian bookworm/main amd64 libasyncns0 amd64 0.8-6+b3 [12.9 kB]
#5 5.780 Get:119 http://deb.debian.org/debian bookworm/main amd64 libsndfile1 amd64 1.2.0-1+deb12u1 [197 kB]
#5 5.817 Get:120 http://deb.debian.org/debian bookworm/main amd64 libx11-xcb1 amd64 2:1.8.4-2+deb12u2 [192 kB]
#5 5.882 Get:121 http://deb.debian.org/debian bookworm/main amd64 libpulse0 amd64 16.1+dfsg1-2+b1 [274 kB]
#5 5.886 Get:122 http://deb.debian.org/debian bookworm/main amd64 libspeex1 amd64 1.2.1-2 [54.6 kB]
#5 5.886 Get:123 http://deb.debian.org/debian bookworm/main amd64 libshout3 amd64 2.4.6-1+b1 [56.4 kB]
#5 5.886 Get:124 http://deb.debian.org/debian bookworm/main amd64 libtag1v5-vanilla amd64 1.13-2+deb12u1 [298 kB]
#5 5.890 Get:125 http://deb.debian.org/debian bookworm/main amd64 libtag1v5 amd64 1.13-2+deb12u1 [18.8 kB]
#5 5.890 Get:126 http://deb.debian.org/debian bookworm/main amd64 libtwolame0 amd64 0.4.0-2 [51.1 kB]
#5 5.954 Get:127 http://deb.debian.org/debian bookworm/main amd64 libv4lconvert0 amd64 1.22.1-5+b2 [143 kB]
#5 5.956 Get:128 http://deb.debian.org/debian bookworm/main amd64 libv4l-0 amd64 1.22.1-5+b2 [109 kB]
#5 5.957 Get:129 http://deb.debian.org/debian bookworm/main amd64 libvpx7 amd64 1.12.0-1+deb12u5 [1003 kB]
#5 5.970 Get:130 http://deb.debian.org/debian bookworm/main amd64 libwavpack1 amd64 5.6.0-1 [85.7 kB]
#5 5.972 Get:131 http://deb.debian.org/debian bookworm/main amd64 libsoup2.4-common all 2.74.3-1+deb12u1 [56.2 kB]
#5 6.022 Get:132 http://deb.debian.org/debian bookworm/main amd64 libsoup2.4-1 amd64 2.74.3-1+deb12u1 [269 kB]
#5 6.059 Get:133 http://deb.debian.org/debian bookworm/main amd64 gstreamer1.0-plugins-good amd64 1.22.0-5+deb12u3 [2222 kB]
#5 6.105 Get:134 http://deb.debian.org/debian bookworm/main amd64 libglvnd0 amd64 1.6.0-1 [51.8 kB]
#5 6.106 Get:135 http://deb.debian.org/debian bookworm/main amd64 libgles2 amd64 1.6.0-1 [16.8 kB]
#5 6.106 Get:136 http://deb.debian.org/debian bookworm/main amd64 xdg-dbus-proxy amd64 0.1.4-3+deb12u1 [23.8 kB]
#5 6.139 Get:137 http://deb.debian.org/debian bookworm/main amd64 libabsl20220623 amd64 20220623.1-1+deb12u2 [391 kB]
#5 6.177 Get:138 http://deb.debian.org/debian bookworm/main amd64 libgav1-1 amd64 0.18.0-1+b1 [332 kB]
#5 6.214 Get:139 http://deb.debian.org/debian bookworm/main amd64 librav1e0 amd64 0.5.1-6 [763 kB]
#5 6.223 Get:140 http://deb.debian.org/debian bookworm/main amd64 libsvtav1enc1 amd64 1.4.1+dfsg-1 [2121 kB]
#5 6.270 Get:141 http://deb.debian.org/debian bookworm/main amd64 libyuv0 amd64 0.0~git20230123.b2528b0-1 [168 kB]
#5 6.274 Get:142 http://deb.debian.org/debian bookworm/main amd64 libavif15 amd64 0.11.1-1+deb12u1 [94.4 kB]
#5 6.276 Get:143 http://deb.debian.org/debian bookworm/main amd64 libdrm-common all 2.4.114-1 [7112 B]
#5 6.276 Get:144 http://deb.debian.org/debian bookworm/main amd64 libdrm2 amd64 2.4.114-1+b1 [37.5 kB]
#5 6.316 Get:145 http://deb.debian.org/debian bookworm/main amd64 hunspell-en-us all 1:2020.12.07-2 [269 kB]
#5 6.320 Get:146 http://deb.debian.org/debian bookworm/main amd64 libaspell15 amd64 0.60.8-4+b1 [344 kB]
#5 6.323 Get:147 http://deb.debian.org/debian bookworm/main amd64 libhunspell-1.7-0 amd64 1.7.1-1 [193 kB]
#5 6.325 Get:148 http://deb.debian.org/debian bookworm/main amd64 libenchant-2-2 amd64 2.3.3-2 [47.0 kB]
#5 6.325 Get:149 http://deb.debian.org/debian bookworm/main amd64 libasound2-data all 1.2.8-1 [20.5 kB]
#5 6.325 Get:150 http://deb.debian.org/debian bookworm/main amd64 libasound2 amd64 1.2.8-1+b1 [362 kB]
#5 6.371 Get:151 http://deb.debian.org/debian bookworm/main amd64 libflite1 amd64 2.2-5 [12.8 MB]
#5 6.652 Get:152 http://deb.debian.org/debian bookworm/main amd64 libwayland-server0 amd64 1.21.0-1 [35.9 kB]
#5 6.652 Get:153 http://deb.debian.org/debian bookworm/main amd64 libgbm1 amd64 22.3.6-1+deb12u2 [38.1 kB]
#5 6.653 Get:154 http://deb.debian.org/debian bookworm/main amd64 libglapi-mesa amd64 22.3.6-1+deb12u2 [35.9 kB]
#5 6.687 Get:155 http://deb.debian.org/debian bookworm/main amd64 libxcb-dri2-0 amd64 1.15-1 [107 kB]
#5 6.722 Get:156 http://deb.debian.org/debian bookworm/main amd64 libxcb-dri3-0 amd64 1.15-1 [107 kB]
#5 6.757 Get:157 http://deb.debian.org/debian bookworm/main amd64 libxcb-present0 amd64 1.15-1 [105 kB]
#5 6.792 Get:158 http://deb.debian.org/debian bookworm/main amd64 libxcb-randr0 amd64 1.15-1 [117 kB]
#5 6.828 Get:159 http://deb.debian.org/debian bookworm/main amd64 libxcb-sync1 amd64 1.15-1 [109 kB]
#5 6.881 Get:160 http://deb.debian.org/debian bookworm/main amd64 libxcb-xfixes0 amd64 1.15-1 [109 kB]
#5 6.882 Get:161 http://deb.debian.org/debian bookworm/main amd64 libxshmfence1 amd64 1.3-1 [8820 B]
#5 6.883 Get:162 http://deb.debian.org/debian bookworm/main amd64 libegl-mesa0 amd64 22.3.6-1+deb12u2 [114 kB]
#5 6.884 Get:163 http://deb.debian.org/debian bookworm/main amd64 libegl1 amd64 1.6.0-1 [33.7 kB]
#5 6.917 Get:164 http://deb.debian.org/debian bookworm/main amd64 libxcb-glx0 amd64 1.15-1 [122 kB]
#5 6.919 Get:165 http://deb.debian.org/debian bookworm/main amd64 libxxf86vm1 amd64 1:1.1.4-1+b2 [20.8 kB]
#5 6.920 Get:166 http://deb.debian.org/debian bookworm/main amd64 libdrm-amdgpu1 amd64 2.4.114-1+b1 [20.9 kB]
#5 6.920 Get:167 http://deb.debian.org/debian bookworm/main amd64 libpciaccess0 amd64 0.17-2 [51.4 kB]
#5 6.920 Get:168 http://deb.debian.org/debian bookworm/main amd64 libdrm-intel1 amd64 2.4.114-1+b1 [64.0 kB]
#5 6.922 Get:169 http://deb.debian.org/debian bookworm/main amd64 libdrm-nouveau2 amd64 2.4.114-1+b1 [19.1 kB]
#5 6.922 Get:170 http://deb.debian.org/debian bookworm/main amd64 libdrm-radeon1 amd64 2.4.114-1+b1 [21.8 kB]
#5 6.956 Get:171 http://deb.debian.org/debian bookworm/main amd64 libz3-4 amd64 4.8.12-3.1 [7216 kB]
#5 7.144 Get:172 http://deb.debian.org/debian bookworm/main amd64 libllvm15 amd64 1:15.0.6-4+b1 [23.1 MB]
#5 7.640 Get:173 http://deb.debian.org/debian bookworm/main amd64 libsensors-config all 1:3.6.0-7.1 [14.3 kB]
#5 7.641 Get:174 http://deb.debian.org/debian bookworm/main amd64 libsensors5 amd64 1:3.6.0-7.1 [34.2 kB]
#5 7.642 Get:175 http://deb.debian.org/debian bookworm/main amd64 libgl1-mesa-dri amd64 22.3.6-1+deb12u2 [7240 kB]
#5 7.796 Get:176 http://deb.debian.org/debian bookworm/main amd64 libglx-mesa0 amd64 22.3.6-1+deb12u2 [148 kB]
#5 7.798 Get:177 http://deb.debian.org/debian bookworm/main amd64 libglx0 amd64 1.6.0-1 [34.4 kB]
#5 7.798 Get:178 http://deb.debian.org/debian bookworm/main amd64 libgl1 amd64 1.6.0-1 [88.4 kB]
#5 7.833 Get:179 http://deb.debian.org/debian bookworm/main amd64 libgstreamer-gl1.0-0 amd64 1.22.0-3+deb12u6 [246 kB]
#5 7.870 Get:180 http://deb.debian.org/debian bookworm/main amd64 libharfbuzz-icu0 amd64 6.0.0+dfsg-3 [1557 kB]
#5 7.887 Get:181 http://deb.debian.org/debian bookworm/main amd64 libhyphen0 amd64 2.8.8-7 [32.5 kB]
#5 7.888 Get:182 http://deb.debian.org/debian bookworm/main amd64 libevdev2 amd64 1.13.0+dfsg-1 [34.0 kB]
#5 7.938 Get:183 http://deb.debian.org/debian bookworm/main amd64 libmanette-0.2-0 amd64 0.2.6-3+b1 [28.4 kB]
#5 7.938 Get:184 http://deb.debian.org/debian bookworm/main amd64 libsecret-common all 0.20.5-3 [28.5 kB]
#5 7.938 Get:185 http://deb.debian.org/debian bookworm/main amd64 libsecret-1-0 amd64 0.20.5-3 [115 kB]
#5 7.939 Get:186 http://deb.debian.org/debian bookworm/main amd64 libwoff1 amd64 1.0.2-2 [43.0 kB]
#5 7.972 Get:187 http://deb.debian.org/debian bookworm/main amd64 libwebkit2gtk-4.1-0 amd64 2.50.6-1~deb12u2 [22.6 MB]
#5 8.672 Get:188 http://deb.debian.org/debian bookworm/main amd64 gir1.2-webkit2-4.1 amd64 2.50.6-1~deb12u2 [109 kB]
#5 8.674 Get:189 http://deb.debian.org/debian bookworm/main amd64 python3-pkg-resources all 66.1.1-1+deb12u2 [297 kB]
#5 8.678 Get:190 http://deb.debian.org/debian bookworm/main amd64 python3-markupsafe amd64 2.1.2-1+b1 [13.2 kB]
#5 8.678 Get:191 http://deb.debian.org/debian bookworm/main amd64 python3-mako all 1.2.4+ds-1 [81.9 kB]
#5 8.680 Get:192 http://deb.debian.org/debian bookworm/main amd64 python3-markdown all 3.4.1-2+deb12u1 [65.3 kB]
#5 8.714 Get:193 http://deb.debian.org/debian bookworm/main amd64 gobject-introspection amd64 1.74.0-3 [314 kB]
#5 8.718 Get:194 http://deb.debian.org/debian bookworm/main amd64 libglx-dev amd64 1.6.0-1 [15.3 kB]
#5 8.718 Get:195 http://deb.debian.org/debian bookworm/main amd64 libgl-dev amd64 1.6.0-1 [100 kB]
#5 8.720 Get:196 http://deb.debian.org/debian bookworm/main amd64 libegl-dev amd64 1.6.0-1 [19.1 kB]
#5 8.720 Get:197 http://deb.debian.org/debian bookworm/main amd64 libglvnd-core-dev amd64 1.6.0-1 [12.9 kB]
#5 8.720 Get:198 http://deb.debian.org/debian bookworm/main amd64 libgles1 amd64 1.6.0-1 [11.7 kB]
#5 8.742 Get:199 http://deb.debian.org/debian bookworm/main amd64 libgles-dev amd64 1.6.0-1 [50.4 kB]
#5 8.742 Get:200 http://deb.debian.org/debian bookworm/main amd64 libopengl0 amd64 1.6.0-1 [30.6 kB]
#5 8.744 Get:201 http://deb.debian.org/debian bookworm/main amd64 libopengl-dev amd64 1.6.0-1 [4936 B]
#5 8.744 Get:202 http://deb.debian.org/debian bookworm/main amd64 libglvnd-dev amd64 1.6.0-1 [4692 B]
#5 8.774 Get:203 http://deb.debian.org/debian bookworm/main amd64 libegl1-mesa-dev amd64 22.3.6-1+deb12u2 [18.7 kB]
#5 8.808 Get:204 http://deb.debian.org/debian bookworm/main amd64 libepoxy-dev amd64 1.5.10-1 [128 kB]
#5 8.872 Get:205 http://deb.debian.org/debian bookworm/main amd64 libgirepository1.0-dev amd64 1.74.0-3 [875 kB]
#5 8.886 Get:206 http://deb.debian.org/debian bookworm/main amd64 libgraphene-1.0-dev amd64 1.10.8-1 [61.1 kB]
#5 8.887 Get:207 http://deb.debian.org/debian bookworm/main amd64 libfribidi-dev amd64 1.0.8-2.1 [105 kB]
#5 8.922 Get:208 http://deb.debian.org/debian bookworm/main amd64 libharfbuzz-gobject0 amd64 6.0.0+dfsg-3 [1572 kB]
#5 8.998 Get:209 http://deb.debian.org/debian bookworm/main amd64 libharfbuzz-subset0 amd64 6.0.0+dfsg-3 [1931 kB]
#5 9.051 Get:210 http://deb.debian.org/debian bookworm/main amd64 libgraphite2-dev amd64 1.3.14-1+deb12u1 [19.8 kB]
#5 9.051 Get:211 http://deb.debian.org/debian bookworm/main amd64 libharfbuzz-dev amd64 6.0.0+dfsg-3 [1668 kB]
#5 9.101 Get:212 http://deb.debian.org/debian bookworm/main amd64 libdatrie-dev amd64 0.2.13-2+b1 [18.2 kB]
#5 9.101 Get:213 http://deb.debian.org/debian bookworm/main amd64 libthai-dev amd64 0.1.29-1 [24.0 kB]
#5 9.102 Get:214 http://deb.debian.org/debian bookworm/main amd64 libxft-dev amd64 2.3.6-1 [80.3 kB]
#5 9.104 Get:215 http://deb.debian.org/debian bookworm/main amd64 pango1.0-tools amd64 1.50.12+ds-1 [40.8 kB]
#5 9.144 Get:216 http://deb.debian.org/debian bookworm/main amd64 libpango1.0-dev amd64 1.50.12+ds-1 [152 kB]
#5 9.146 Get:217 http://deb.debian.org/debian bookworm/main amd64 libwayland-bin amd64 1.21.0-1 [23.6 kB]
#5 9.146 Get:218 http://deb.debian.org/debian bookworm/main amd64 libwayland-dev amd64 1.21.0-1 [72.5 kB]
#5 9.148 Get:219 http://deb.debian.org/debian bookworm/main amd64 libxfixes-dev amd64 1:6.0.0-2 [24.7 kB]
#5 9.148 Get:220 http://deb.debian.org/debian bookworm/main amd64 libxcomposite-dev amd64 1:0.4.5-1 [20.1 kB]
#5 9.154 Get:221 http://deb.debian.org/debian bookworm/main amd64 libxcursor-dev amd64 1:1.2.1-1 [51.8 kB]
#5 9.154 Get:222 http://deb.debian.org/debian bookworm/main amd64 libxdamage-dev amd64 1:1.1.6-1 [15.0 kB]
#5 9.188 Get:223 http://deb.debian.org/debian bookworm/main amd64 libxi-dev amd64 2:1.8-1+b1 [246 kB]
#5 9.191 Get:224 http://deb.debian.org/debian bookworm/main amd64 libxinerama-dev amd64 2:1.1.4-3 [20.1 kB]
#5 9.192 Get:225 http://deb.debian.org/debian bookworm/main amd64 libxkbcommon-dev amd64 1.5.0-1 [51.0 kB]
#5 9.192 Get:226 http://deb.debian.org/debian bookworm/main amd64 libxrandr-dev amd64 2:1.5.2-2+b1 [47.1 kB]
#5 9.226 Get:227 http://deb.debian.org/debian bookworm/main amd64 libvulkan1 amd64 1.3.239.0-1 [116 kB]
#5 9.262 Get:228 http://deb.debian.org/debian bookworm/main amd64 libvulkan-dev amd64 1.3.239.0-1 [1115 kB]
#5 9.278 Get:229 http://deb.debian.org/debian bookworm/main amd64 wayland-protocols all 1.31-1 [74.6 kB]
#5 9.279 Get:230 http://deb.debian.org/debian bookworm/main amd64 libgtk-4-dev amd64 4.8.3+ds-2+deb12u1 [888 kB]
#5 9.350 Get:231 http://deb.debian.org/debian bookworm/main amd64 libadwaita-1-dev amd64 1.2.2-1 [112 kB]
#5 9.386 Get:232 http://deb.debian.org/debian bookworm/main amd64 libatk1.0-dev amd64 2.46.0-5 [103 kB]
#5 9.387 Get:233 http://deb.debian.org/debian bookworm/main amd64 xml-core all 0.18+nmu1 [23.8 kB]
#5 9.388 Get:234 http://deb.debian.org/debian bookworm/main amd64 libdbus-1-dev amd64 1.14.10-1~deb12u1 [241 kB]
#5 9.391 Get:235 http://deb.debian.org/debian bookworm/main amd64 libxtst6 amd64 2:1.2.3-1.1 [28.0 kB]
#5 9.391 Get:236 http://deb.debian.org/debian bookworm/main amd64 libxtst-dev amd64 2:1.2.3-1.1 [32.2 kB]
#5 9.392 Get:237 http://deb.debian.org/debian bookworm/main amd64 libatspi2.0-dev amd64 2.46.0-5 [76.3 kB]
#5 9.392 Get:238 http://deb.debian.org/debian bookworm/main amd64 libatk-bridge2.0-dev amd64 2.46.0-5 [8224 B]
#5 9.426 Get:239 http://deb.debian.org/debian bookworm/main amd64 libgtk-3-dev amd64 3.24.38-2~deb12u3 [1116 kB]
#5 9.442 Get:240 http://deb.debian.org/debian bookworm/main amd64 libayatana-ido3-dev amd64 0.9.3-1 [17.1 kB]
#5 9.442 Get:241 http://deb.debian.org/debian bookworm/main amd64 libayatana-indicator3-dev amd64 0.9.3-1 [10.8 kB]
#5 9.484 Get:242 http://deb.debian.org/debian bookworm/main amd64 libxml2-utils amd64 2.9.14+dfsg-1.3~deb12u6 [100 kB]
#5 9.518 Get:243 http://deb.debian.org/debian bookworm/main amd64 libgtk2.0-dev amd64 2.24.33-2+deb12u1 [795 kB]
#5 9.536 Get:244 http://deb.debian.org/debian bookworm/main amd64 libdbusmenu-glib-dev amd64 18.10.20180917~bzr492+repack1-3 [68.1 kB]
#5 9.536 Get:245 http://deb.debian.org/debian bookworm/main amd64 libayatana-appindicator3-dev amd64 0.5.92-1 [18.2 kB]
#5 9.538 Get:246 http://deb.debian.org/debian bookworm/main amd64 libgif7 amd64 5.2.1-2.5+deb12u1 [43.0 kB]
#5 9.572 Get:247 http://deb.debian.org/debian bookworm/main amd64 libgs-common all 10.0.0~dfsg-11+deb12u8 [149 kB]
#5 9.638 Get:248 http://deb.debian.org/debian bookworm/main amd64 libgs10-common all 10.0.0~dfsg-11+deb12u8 [587 kB]
#5 9.646 Get:249 http://deb.debian.org/debian bookworm/main amd64 libidn12 amd64 1.41-1 [83.8 kB]
#5 9.648 Get:250 http://deb.debian.org/debian bookworm/main amd64 libijs-0.35 amd64 0.35-15 [16.4 kB]
#5 9.648 Get:251 http://deb.debian.org/debian-security bookworm-security/main amd64 libjbig2dec0 amd64 0.19-3+deb12u1 [64.6 kB]
#5 9.649 Get:252 http://deb.debian.org/debian bookworm/main amd64 libpaper1 amd64 1.1.29 [12.5 kB]
#5 9.684 Get:253 http://deb.debian.org/debian bookworm/main amd64 libgs10 amd64 10.0.0~dfsg-11+deb12u8 [2467 kB]
#5 9.792 Get:254 http://deb.debian.org/debian bookworm/main amd64 libhwy1 amd64 1.0.3-3+deb12u1 [348 kB]
#5 9.797 Get:255 http://deb.debian.org/debian bookworm/main amd64 libid3tag0 amd64 0.15.1b-14 [35.4 kB]
#5 9.798 Get:256 http://deb.debian.org/debian bookworm/main amd64 libjxl0.7 amd64 0.7.0-10+deb12u1 [1046 kB]
#5 9.830 Get:257 http://deb.debian.org/debian bookworm/main amd64 libspectre1 amd64 0.2.12-1 [50.6 kB]
#5 9.866 Get:258 http://deb.debian.org/debian bookworm/main amd64 libimlib2 amd64 1.10.0-4+deb12u1 [206 kB]
#5 9.869 Get:259 http://deb.debian.org/debian bookworm/main amd64 libjavascriptcoregtk-4.1-dev amd64 2.50.6-1~deb12u2 [84.3 kB]
#5 9.870 Get:260 http://deb.debian.org/debian bookworm/main amd64 libjson-glib-dev amd64 1.6.6-1 [96.6 kB]
#5 9.906 Get:261 http://deb.debian.org/debian bookworm/main amd64 libnghttp2-dev amd64 1.52.0-1+deb12u3 [111 kB]
#5 9.908 Get:262 http://deb.debian.org/debian bookworm/main amd64 libobt2v5 amd64 3.6.1-10 [68.9 kB]
#5 9.908 Get:263 http://deb.debian.org/debian bookworm/main amd64 libobrender32v5 amd64 3.6.1-10 [78.9 kB]
#5 9.910 Get:264 http://deb.debian.org/debian bookworm/main amd64 libpolkit-gobject-1-dev amd64 122-3 [33.2 kB]
#5 9.910 Get:265 http://deb.debian.org/debian bookworm/main amd64 libpsl-dev amd64 0.21.2-1 [79.3 kB]
#5 9.964 Get:266 http://deb.debian.org/debian bookworm/main amd64 libsysprof-4 amd64 3.46.0-4 [155 kB]
#5 10.00 Get:267 http://deb.debian.org/debian bookworm/main amd64 libsysprof-ui-5 amd64 3.46.0-4 [154 kB]
#5 10.00 Get:268 http://deb.debian.org/debian bookworm/main amd64 libsysprof-4-dev amd64 3.46.0-4 [53.9 kB]
#5 10.04 Get:269 http://deb.debian.org/debian bookworm/main amd64 libsoup-3.0-dev amd64 3.2.3-0+deb12u2 [111 kB]
#5 10.04 Get:270 http://deb.debian.org/debian bookworm/main amd64 libxcb-util1 amd64 0.4.0-1+b1 [23.2 kB]
#5 10.04 Get:271 http://deb.debian.org/debian bookworm/main amd64 libstartup-notification0 amd64 0.12-6+b1 [23.1 kB]
#5 10.07 Get:272 http://deb.debian.org/debian bookworm/main amd64 libwebkit2gtk-4.1-dev amd64 2.50.6-1~deb12u2 [311 kB]
#5 10.08 Get:273 http://deb.debian.org/debian bookworm/main amd64 libxmu6 amd64 2:1.1.3-3 [60.1 kB]
#5 10.08 Get:274 http://deb.debian.org/debian bookworm/main amd64 libxpm4 amd64 1:3.5.12-1.1+deb12u1 [48.6 kB]
#5 10.11 Get:275 http://deb.debian.org/debian bookworm/main amd64 libxaw7 amd64 2:1.0.14-1 [201 kB]
#5 10.15 Get:276 http://deb.debian.org/debian bookworm/main amd64 libxcb-shape0 amd64 1.15-1 [106 kB]
#5 10.15 Get:277 http://deb.debian.org/debian bookworm/main amd64 libxdo3 amd64 1:3.20160805.1-5 [33.8 kB]
#5 10.15 Get:278 http://deb.debian.org/debian bookworm/main amd64 libxdo-dev amd64 1:3.20160805.1-5 [78.9 kB]
#5 10.19 Get:279 http://deb.debian.org/debian-security bookworm-security/main amd64 libxfont2 amd64 1:2.0.6-1+deb12u1 [132 kB]
#5 10.19 Get:280 http://deb.debian.org/debian bookworm/main amd64 libxkbfile1 amd64 1:1.1.0-1 [75.2 kB]
#5 10.19 Get:281 http://deb.debian.org/debian bookworm/main amd64 libxmuu1 amd64 2:1.1.3-3 [23.9 kB]
#5 10.19 Get:282 http://deb.debian.org/debian bookworm/main amd64 libxv1 amd64 2:1.0.11-1.1 [24.8 kB]
#5 10.19 Get:283 http://deb.debian.org/debian bookworm/main amd64 libxxf86dga1 amd64 2:1.1.5-1 [22.1 kB]
#5 10.19 Get:284 http://deb.debian.org/debian bookworm/main amd64 openbox amd64 3.6.1-10 [316 kB]
#5 10.23 Get:285 http://deb.debian.org/debian bookworm/main amd64 shellcheck amd64 0.9.0-1 [2621 kB]
#5 10.31 Get:286 http://deb.debian.org/debian bookworm/main amd64 wmctrl amd64 1.07-7+b1 [21.5 kB]
#5 10.34 Get:287 http://deb.debian.org/debian bookworm/main amd64 x11-utils amd64 7.7+5 [202 kB]
#5 10.34 Get:288 http://deb.debian.org/debian bookworm/main amd64 x11-xkb-utils amd64 7.7+7 [165 kB]
#5 10.35 Get:289 http://deb.debian.org/debian bookworm/main amd64 xdotool amd64 1:3.20160805.1-5 [55.6 kB]
#5 10.38 Get:290 http://deb.debian.org/debian-security bookworm-security/main amd64 xserver-common all 2:21.1.7-3+deb12u13 [2384 kB]
#5 10.48 Get:291 http://deb.debian.org/debian-security bookworm-security/main amd64 xvfb amd64 2:21.1.7-3+deb12u13 [3154 kB]
#5 10.67 debconf: delaying package configuration, since apt-utils is not installed
#5 10.69 Fetched 176 MB in 7s (23.6 MB/s)
#5 10.71 Selecting previously unselected package poppler-data.
#5 10.71 (Reading database ... (Reading database ... 5%(Reading database ... 10%(Reading database ... 15%(Reading database ... 20%(Reading database ... 25%(Reading database ... 30%(Reading database ... 35%(Reading database ... 40%(Reading database ... 45%(Reading database ... 50%(Reading database ... 55%(Reading database ... 60%(Reading database ... 65%(Reading database ... 70%(Reading database ... 75%(Reading database ... 80%(Reading database ... 85%(Reading database ... 90%(Reading database ... 95%(Reading database ... 100%(Reading database ... 23263 files and directories currently installed.)
#5 10.74 Preparing to unpack .../000-poppler-data_0.4.12-1_all.deb ...
#5 10.88 Unpacking poppler-data (0.4.12-1) ...
#5 11.02 Selecting previously unselected package sgml-base.
#5 11.03 Preparing to unpack .../001-sgml-base_1.31_all.deb ...
#5 11.03 Unpacking sgml-base (1.31) ...
#5 11.06 Selecting previously unselected package gtk-update-icon-cache.
#5 11.06 Preparing to unpack .../002-gtk-update-icon-cache_3.24.38-2~deb12u3_amd64.deb ...
#5 11.06 Unpacking gtk-update-icon-cache (3.24.38-2~deb12u3) ...
#5 11.08 Selecting previously unselected package adwaita-icon-theme.
#5 11.09 Preparing to unpack .../003-adwaita-icon-theme_43-1_all.deb ...
#5 11.09 Unpacking adwaita-icon-theme (43-1) ...
#5 11.47 Selecting previously unselected package at-spi2-common.
#5 11.47 Preparing to unpack .../004-at-spi2-common_2.46.0-5_all.deb ...
#5 11.47 Unpacking at-spi2-common (2.46.0-5) ...
#5 11.51 Selecting previously unselected package bubblewrap.
#5 11.52 Preparing to unpack .../005-bubblewrap_0.8.0-2+deb12u1_amd64.deb ...
#5 11.52 Unpacking bubblewrap (0.8.0-2+deb12u1) ...
#5 11.54 Selecting previously unselected package build-essential.
#5 11.54 Preparing to unpack .../006-build-essential_12.9_amd64.deb ...
#5 11.55 Unpacking build-essential (12.9) ...
#5 11.56 Selecting previously unselected package libdbus-1-3:amd64.
#5 11.57 Preparing to unpack .../007-libdbus-1-3_1.14.10-1~deb12u1_amd64.deb ...
#5 11.57 Unpacking libdbus-1-3:amd64 (1.14.10-1~deb12u1) ...
#5 11.60 Selecting previously unselected package dbus-bin.
#5 11.60 Preparing to unpack .../008-dbus-bin_1.14.10-1~deb12u1_amd64.deb ...
#5 11.60 Unpacking dbus-bin (1.14.10-1~deb12u1) ...
#5 11.63 Selecting previously unselected package dbus-session-bus-common.
#5 11.63 Preparing to unpack .../009-dbus-session-bus-common_1.14.10-1~deb12u1_all.deb ...
#5 11.64 Unpacking dbus-session-bus-common (1.14.10-1~deb12u1) ...
#5 11.66 Selecting previously unselected package libapparmor1:amd64.
#5 11.67 Preparing to unpack .../010-libapparmor1_3.0.8-3_amd64.deb ...
#5 11.67 Unpacking libapparmor1:amd64 (3.0.8-3) ...
#5 11.69 Selecting previously unselected package dbus-daemon.
#5 11.70 Preparing to unpack .../011-dbus-daemon_1.14.10-1~deb12u1_amd64.deb ...
#5 11.70 Unpacking dbus-daemon (1.14.10-1~deb12u1) ...
#5 11.73 Selecting previously unselected package dbus-x11.
#5 11.73 Preparing to unpack .../012-dbus-x11_1.14.10-1~deb12u1_amd64.deb ...
#5 11.73 Unpacking dbus-x11 (1.14.10-1~deb12u1) ...
#5 11.76 Selecting previously unselected package libdconf1:amd64.
#5 11.76 Preparing to unpack .../013-libdconf1_0.40.0-4_amd64.deb ...
#5 11.77 Unpacking libdconf1:amd64 (0.40.0-4) ...
#5 11.78 Selecting previously unselected package dconf-service.
#5 11.79 Preparing to unpack .../014-dconf-service_0.40.0-4_amd64.deb ...
#5 11.79 Unpacking dconf-service (0.40.0-4) ...
#5 11.80 Selecting previously unselected package dconf-gsettings-backend:amd64.
#5 11.81 Preparing to unpack .../015-dconf-gsettings-backend_0.40.0-4_amd64.deb ...
#5 11.81 Unpacking dconf-gsettings-backend:amd64 (0.40.0-4) ...
#5 11.83 Selecting previously unselected package libtext-iconv-perl:amd64.
#5 11.83 Preparing to unpack .../016-libtext-iconv-perl_1.7-8_amd64.deb ...
#5 11.83 Unpacking libtext-iconv-perl:amd64 (1.7-8) ...
#5 11.85 Selecting previously unselected package emacsen-common.
#5 11.85 Preparing to unpack .../017-emacsen-common_3.0.5_all.deb ...
#5 11.86 Unpacking emacsen-common (3.0.5) ...
#5 11.88 Selecting previously unselected package dictionaries-common.
#5 11.89 Preparing to unpack .../018-dictionaries-common_1.29.5_all.deb ...
#5 11.89 Adding 'diversion of /usr/share/dict/words to /usr/share/dict/words.pre-dictionaries-common by dictionaries-common'
#5 11.90 Unpacking dictionaries-common (1.29.5) ...
#5 11.93 Selecting previously unselected package libfontenc1:amd64.
#5 11.93 Preparing to unpack .../019-libfontenc1_1%3a1.1.4-1_amd64.deb ...
#5 11.93 Unpacking libfontenc1:amd64 (1:1.1.4-1) ...
#5 11.95 Selecting previously unselected package xfonts-encodings.
#5 11.95 Preparing to unpack .../020-xfonts-encodings_1%3a1.0.4-2.2_all.deb ...
#5 11.95 Unpacking xfonts-encodings (1:1.0.4-2.2) ...
#5 11.99 Selecting previously unselected package xfonts-utils.
#5 12.00 Preparing to unpack .../021-xfonts-utils_1%3a7.7+6_amd64.deb ...
#5 12.00 Unpacking xfonts-utils (1:7.7+6) ...
#5 12.02 Selecting previously unselected package fonts-urw-base35.
#5 12.02 Preparing to unpack .../022-fonts-urw-base35_20200910-7_all.deb ...
#5 12.06 Unpacking fonts-urw-base35 (20200910-7) ...
#5 12.33 Selecting previously unselected package libgraphene-1.0-0:amd64.
#5 12.33 Preparing to unpack .../023-libgraphene-1.0-0_1.10.8-1_amd64.deb ...
#5 12.34 Unpacking libgraphene-1.0-0:amd64 (1.10.8-1) ...
#5 12.35 Selecting previously unselected package gir1.2-graphene-1.0:amd64.
#5 12.36 Preparing to unpack .../024-gir1.2-graphene-1.0_1.10.8-1_amd64.deb ...
#5 12.36 Unpacking gir1.2-graphene-1.0:amd64 (1.10.8-1) ...
#5 12.38 Selecting previously unselected package gir1.2-harfbuzz-0.0:amd64.
#5 12.38 Preparing to unpack .../025-gir1.2-harfbuzz-0.0_6.0.0+dfsg-3_amd64.deb ...
#5 12.38 Unpacking gir1.2-harfbuzz-0.0:amd64 (6.0.0+dfsg-3) ...
#5 12.41 Selecting previously unselected package libxft2:amd64.
#5 12.41 Preparing to unpack .../026-libxft2_2.3.6-1_amd64.deb ...
#5 12.41 Unpacking libxft2:amd64 (2.3.6-1) ...
#5 12.43 Selecting previously unselected package libpangoxft-1.0-0:amd64.
#5 12.44 Preparing to unpack .../027-libpangoxft-1.0-0_1.50.12+ds-1_amd64.deb ...
#5 12.44 Unpacking libpangoxft-1.0-0:amd64 (1.50.12+ds-1) ...
#5 12.46 Selecting previously unselected package gir1.2-pango-1.0:amd64.
#5 12.46 Preparing to unpack .../028-gir1.2-pango-1.0_1.50.12+ds-1_amd64.deb ...
#5 12.46 Unpacking gir1.2-pango-1.0:amd64 (1.50.12+ds-1) ...
#5 12.48 Selecting previously unselected package libcloudproviders0:amd64.
#5 12.48 Preparing to unpack .../029-libcloudproviders0_0.3.1-2_amd64.deb ...
#5 12.48 Unpacking libcloudproviders0:amd64 (0.3.1-2) ...
#5 12.50 Selecting previously unselected package libcolord2:amd64.
#5 12.51 Preparing to unpack .../030-libcolord2_1.4.6-2.2_amd64.deb ...
#5 12.51 Unpacking libcolord2:amd64 (1.4.6-2.2) ...
#5 12.53 Selecting previously unselected package libavahi-common-data:amd64.
#5 12.53 Preparing to unpack .../031-libavahi-common-data_0.8-10+deb12u1_amd64.deb ...
#5 12.53 Unpacking libavahi-common-data:amd64 (0.8-10+deb12u1) ...
#5 12.56 Selecting previously unselected package libavahi-common3:amd64.
#5 12.56 Preparing to unpack .../032-libavahi-common3_0.8-10+deb12u1_amd64.deb ...
#5 12.56 Unpacking libavahi-common3:amd64 (0.8-10+deb12u1) ...
#5 12.59 Selecting previously unselected package libavahi-client3:amd64.
#5 12.59 Preparing to unpack .../033-libavahi-client3_0.8-10+deb12u1_amd64.deb ...
#5 12.59 Unpacking libavahi-client3:amd64 (0.8-10+deb12u1) ...
#5 12.61 Selecting previously unselected package libcups2:amd64.
#5 12.61 Preparing to unpack .../034-libcups2_2.4.2-3+deb12u9_amd64.deb ...
#5 12.62 Unpacking libcups2:amd64 (2.4.2-3+deb12u9) ...
#5 12.65 Selecting previously unselected package libepoxy0:amd64.
#5 12.65 Preparing to unpack .../035-libepoxy0_1.5.10-1_amd64.deb ...
#5 12.65 Unpacking libepoxy0:amd64 (1.5.10-1) ...
#5 12.68 Selecting previously unselected package libwayland-client0:amd64.
#5 12.68 Preparing to unpack .../036-libwayland-client0_1.21.0-1_amd64.deb ...
#5 12.68 Unpacking libwayland-client0:amd64 (1.21.0-1) ...
#5 12.70 Selecting previously unselected package libwayland-egl1:amd64.
#5 12.70 Preparing to unpack .../037-libwayland-egl1_1.21.0-1_amd64.deb ...
#5 12.70 Unpacking libwayland-egl1:amd64 (1.21.0-1) ...
#5 12.72 Selecting previously unselected package libxfixes3:amd64.
#5 12.72 Preparing to unpack .../038-libxfixes3_1%3a6.0.0-2_amd64.deb ...
#5 12.73 Unpacking libxfixes3:amd64 (1:6.0.0-2) ...
#5 12.74 Selecting previously unselected package libxcursor1:amd64.
#5 12.75 Preparing to unpack .../039-libxcursor1_1%3a1.2.1-1_amd64.deb ...
#5 12.75 Unpacking libxcursor1:amd64 (1:1.2.1-1) ...
#5 12.76 Selecting previously unselected package libxdamage1:amd64.
#5 12.77 Preparing to unpack .../040-libxdamage1_1%3a1.1.6-1_amd64.deb ...
#5 12.77 Unpacking libxdamage1:amd64 (1:1.1.6-1) ...
#5 12.79 Selecting previously unselected package libxi6:amd64.
#5 12.79 Preparing to unpack .../041-libxi6_2%3a1.8-1+b1_amd64.deb ...
#5 12.79 Unpacking libxi6:amd64 (2:1.8-1+b1) ...
#5 12.81 Selecting previously unselected package libxinerama1:amd64.
#5 12.82 Preparing to unpack .../042-libxinerama1_2%3a1.1.4-3_amd64.deb ...
#5 12.82 Unpacking libxinerama1:amd64 (2:1.1.4-3) ...
#5 12.83 Selecting previously unselected package xkb-data.
#5 12.84 Preparing to unpack .../043-xkb-data_2.35.1-1_all.deb ...
#5 12.84 Unpacking xkb-data (2.35.1-1) ...
#5 12.91 Selecting previously unselected package libxkbcommon0:amd64.
#5 12.91 Preparing to unpack .../044-libxkbcommon0_1.5.0-1_amd64.deb ...
#5 12.91 Unpacking libxkbcommon0:amd64 (1.5.0-1) ...
#5 12.94 Selecting previously unselected package libxrandr2:amd64.
#5 12.94 Preparing to unpack .../045-libxrandr2_2%3a1.5.2-2+b1_amd64.deb ...
#5 12.94 Unpacking libxrandr2:amd64 (2:1.5.2-2+b1) ...
#5 12.96 Selecting previously unselected package libgtk-4-common.
#5 12.97 Preparing to unpack .../046-libgtk-4-common_4.8.3+ds-2+deb12u1_all.deb ...
#5 12.97 Unpacking libgtk-4-common (4.8.3+ds-2+deb12u1) ...
#5 13.08 Selecting previously unselected package libgtk-4-1:amd64.
#5 13.09 Preparing to unpack .../047-libgtk-4-1_4.8.3+ds-2+deb12u1_amd64.deb ...
#5 13.09 Unpacking libgtk-4-1:amd64 (4.8.3+ds-2+deb12u1) ...
#5 13.21 Selecting previously unselected package gir1.2-gtk-4.0:amd64.
#5 13.22 Preparing to unpack .../048-gir1.2-gtk-4.0_4.8.3+ds-2+deb12u1_amd64.deb ...
#5 13.22 Unpacking gir1.2-gtk-4.0:amd64 (4.8.3+ds-2+deb12u1) ...
#5 13.24 Selecting previously unselected package libadwaita-1-0:amd64.
#5 13.25 Preparing to unpack .../049-libadwaita-1-0_1.2.2-1_amd64.deb ...
#5 13.25 Unpacking libadwaita-1-0:amd64 (1.2.2-1) ...
#5 13.28 Selecting previously unselected package gir1.2-adw-1:amd64.
#5 13.28 Preparing to unpack .../050-gir1.2-adw-1_1.2.2-1_amd64.deb ...
#5 13.28 Unpacking gir1.2-adw-1:amd64 (1.2.2-1) ...
#5 13.30 Selecting previously unselected package libatk1.0-0:amd64.
#5 13.30 Preparing to unpack .../051-libatk1.0-0_2.46.0-5_amd64.deb ...
#5 13.30 Unpacking libatk1.0-0:amd64 (2.46.0-5) ...
#5 13.32 Selecting previously unselected package gir1.2-atk-1.0:amd64.
#5 13.33 Preparing to unpack .../052-gir1.2-atk-1.0_2.46.0-5_amd64.deb ...
#5 13.33 Unpacking gir1.2-atk-1.0:amd64 (2.46.0-5) ...
#5 13.34 Selecting previously unselected package libatspi2.0-0:amd64.
#5 13.35 Preparing to unpack .../053-libatspi2.0-0_2.46.0-5_amd64.deb ...
#5 13.35 Unpacking libatspi2.0-0:amd64 (2.46.0-5) ...
#5 13.36 Selecting previously unselected package gir1.2-atspi-2.0:amd64.
#5 13.37 Preparing to unpack .../054-gir1.2-atspi-2.0_2.46.0-5_amd64.deb ...
#5 13.37 Unpacking gir1.2-atspi-2.0:amd64 (2.46.0-5) ...
#5 13.39 Selecting previously unselected package libatk-bridge2.0-0:amd64.
#5 13.39 Preparing to unpack .../055-libatk-bridge2.0-0_2.46.0-5_amd64.deb ...
#5 13.39 Unpacking libatk-bridge2.0-0:amd64 (2.46.0-5) ...
#5 13.41 Selecting previously unselected package libwayland-cursor0:amd64.
#5 13.42 Preparing to unpack .../056-libwayland-cursor0_1.21.0-1_amd64.deb ...
#5 13.42 Unpacking libwayland-cursor0:amd64 (1.21.0-1) ...
#5 13.44 Selecting previously unselected package libxcomposite1:amd64.
#5 13.44 Preparing to unpack .../057-libxcomposite1_1%3a0.4.5-1_amd64.deb ...
#5 13.44 Unpacking libxcomposite1:amd64 (1:0.4.5-1) ...
#5 13.46 Selecting previously unselected package libgtk-3-common.
#5 13.47 Preparing to unpack .../058-libgtk-3-common_3.24.38-2~deb12u3_all.deb ...
#5 13.47 Unpacking libgtk-3-common (3.24.38-2~deb12u3) ...
#5 13.64 Selecting previously unselected package libgtk-3-0:amd64.
#5 13.65 Preparing to unpack .../059-libgtk-3-0_3.24.38-2~deb12u3_amd64.deb ...
#5 13.65 Unpacking libgtk-3-0:amd64 (3.24.38-2~deb12u3) ...
#5 13.78 Selecting previously unselected package gir1.2-gtk-3.0:amd64.
#5 13.78 Preparing to unpack .../060-gir1.2-gtk-3.0_3.24.38-2~deb12u3_amd64.deb ...
#5 13.78 Unpacking gir1.2-gtk-3.0:amd64 (3.24.38-2~deb12u3) ...
#5 13.81 Selecting previously unselected package libayatana-ido3-0.4-0:amd64.
#5 13.81 Preparing to unpack .../061-libayatana-ido3-0.4-0_0.9.3-1_amd64.deb ...
#5 13.81 Unpacking libayatana-ido3-0.4-0:amd64 (0.9.3-1) ...
#5 13.83 Selecting previously unselected package libayatana-indicator3-7:amd64.
#5 13.84 Preparing to unpack .../062-libayatana-indicator3-7_0.9.3-1_amd64.deb ...
#5 13.84 Unpacking libayatana-indicator3-7:amd64 (0.9.3-1) ...
#5 13.86 Selecting previously unselected package libdbusmenu-glib4:amd64.
#5 13.86 Preparing to unpack .../063-libdbusmenu-glib4_18.10.20180917~bzr492+repack1-3_amd64.deb ...
#5 13.86 Unpacking libdbusmenu-glib4:amd64 (18.10.20180917~bzr492+repack1-3) ...
#5 13.88 Selecting previously unselected package libdbusmenu-gtk3-4:amd64.
#5 13.89 Preparing to unpack .../064-libdbusmenu-gtk3-4_18.10.20180917~bzr492+repack1-3_amd64.deb ...
#5 13.89 Unpacking libdbusmenu-gtk3-4:amd64 (18.10.20180917~bzr492+repack1-3) ...
#5 13.90 Selecting previously unselected package libayatana-appindicator3-1.
#5 13.91 Preparing to unpack .../065-libayatana-appindicator3-1_0.5.92-1_amd64.deb ...
#5 13.91 Unpacking libayatana-appindicator3-1 (0.5.92-1) ...
#5 13.93 Selecting previously unselected package gir1.2-ayatanaappindicator3-0.1.
#5 13.93 Preparing to unpack .../066-gir1.2-ayatanaappindicator3-0.1_0.5.92-1_amd64.deb ...
#5 13.93 Unpacking gir1.2-ayatanaappindicator3-0.1 (0.5.92-1) ...
#5 13.95 Selecting previously unselected package gir1.2-ayatanaido3-0.4:amd64.
#5 13.95 Preparing to unpack .../067-gir1.2-ayatanaido3-0.4_0.9.3-1_amd64.deb ...
#5 13.95 Unpacking gir1.2-ayatanaido3-0.4:amd64 (0.9.3-1) ...
#5 13.97 Selecting previously unselected package gir1.2-dbusmenu-glib-0.4:amd64.
#5 13.97 Preparing to unpack .../068-gir1.2-dbusmenu-glib-0.4_18.10.20180917~bzr492+repack1-3_amd64.deb ...
#5 13.97 Unpacking gir1.2-dbusmenu-glib-0.4:amd64 (18.10.20180917~bzr492+repack1-3) ...
#5 13.99 Selecting previously unselected package libgtk2.0-common.
#5 13.99 Preparing to unpack .../069-libgtk2.0-common_2.24.33-2+deb12u1_all.deb ...
#5 14.00 Unpacking libgtk2.0-common (2.24.33-2+deb12u1) ...
#5 14.13 Selecting previously unselected package libgtk2.0-0:amd64.
#5 14.14 Preparing to unpack .../070-libgtk2.0-0_2.24.33-2+deb12u1_amd64.deb ...
#5 14.14 Unpacking libgtk2.0-0:amd64 (2.24.33-2+deb12u1) ...
#5 14.23 Selecting previously unselected package gir1.2-gtk-2.0:amd64.
#5 14.23 Preparing to unpack .../071-gir1.2-gtk-2.0_2.24.33-2+deb12u1_amd64.deb ...
#5 14.23 Unpacking gir1.2-gtk-2.0:amd64 (2.24.33-2+deb12u1) ...
#5 14.26 Selecting previously unselected package libjavascriptcoregtk-4.1-0:amd64.
#5 14.26 Preparing to unpack .../072-libjavascriptcoregtk-4.1-0_2.50.6-1~deb12u2_amd64.deb ...
#5 14.26 Unpacking libjavascriptcoregtk-4.1-0:amd64 (2.50.6-1~deb12u2) ...
#5 14.52 Selecting previously unselected package gir1.2-javascriptcoregtk-4.1:amd64.
#5 14.53 Preparing to unpack .../073-gir1.2-javascriptcoregtk-4.1_2.50.6-1~deb12u2_amd64.deb ...
#5 14.53 Unpacking gir1.2-javascriptcoregtk-4.1:amd64 (2.50.6-1~deb12u2) ...
#5 14.55 Selecting previously unselected package libjson-glib-1.0-common.
#5 14.55 Preparing to unpack .../074-libjson-glib-1.0-common_1.6.6-1_all.deb ...
#5 14.55 Unpacking libjson-glib-1.0-common (1.6.6-1) ...
#5 14.58 Selecting previously unselected package libjson-glib-1.0-0:amd64.
#5 14.58 Preparing to unpack .../075-libjson-glib-1.0-0_1.6.6-1_amd64.deb ...
#5 14.59 Unpacking libjson-glib-1.0-0:amd64 (1.6.6-1) ...
#5 14.60 Selecting previously unselected package gir1.2-json-1.0:amd64.
#5 14.61 Preparing to unpack .../076-gir1.2-json-1.0_1.6.6-1_amd64.deb ...
#5 14.61 Unpacking gir1.2-json-1.0:amd64 (1.6.6-1) ...
#5 14.63 Selecting previously unselected package libpolkit-gobject-1-0:amd64.
#5 14.63 Preparing to unpack .../077-libpolkit-gobject-1-0_122-3_amd64.deb ...
#5 14.63 Unpacking libpolkit-gobject-1-0:amd64 (122-3) ...
#5 14.65 Selecting previously unselected package libpolkit-agent-1-0:amd64.
#5 14.65 Preparing to unpack .../078-libpolkit-agent-1-0_122-3_amd64.deb ...
#5 14.66 Unpacking libpolkit-agent-1-0:amd64 (122-3) ...
#5 14.67 Selecting previously unselected package gir1.2-polkit-1.0.
#5 14.67 Preparing to unpack .../079-gir1.2-polkit-1.0_122-3_amd64.deb ...
#5 14.68 Unpacking gir1.2-polkit-1.0 (122-3) ...
#5 14.69 Selecting previously unselected package libproxy1v5:amd64.
#5 14.70 Preparing to unpack .../080-libproxy1v5_0.4.18-1.2_amd64.deb ...
#5 14.70 Unpacking libproxy1v5:amd64 (0.4.18-1.2) ...
#5 14.72 Selecting previously unselected package glib-networking-common.
#5 14.73 Preparing to unpack .../081-glib-networking-common_2.74.0-4_all.deb ...
#5 14.74 Unpacking glib-networking-common (2.74.0-4) ...
#5 14.76 Selecting previously unselected package glib-networking-services.
#5 14.77 Preparing to unpack .../082-glib-networking-services_2.74.0-4_amd64.deb ...
#5 14.77 Unpacking glib-networking-services (2.74.0-4) ...
#5 14.78 Selecting previously unselected package gsettings-desktop-schemas.
#5 14.79 Preparing to unpack .../083-gsettings-desktop-schemas_43.0-1_all.deb ...
#5 14.79 Unpacking gsettings-desktop-schemas (43.0-1) ...
#5 14.83 Selecting previously unselected package glib-networking:amd64.
#5 14.84 Preparing to unpack .../084-glib-networking_2.74.0-4_amd64.deb ...
#5 14.84 Unpacking glib-networking:amd64 (2.74.0-4) ...
#5 14.86 Selecting previously unselected package libsoup-3.0-common.
#5 14.86 Preparing to unpack .../085-libsoup-3.0-common_3.2.3-0+deb12u2_all.deb ...
#5 14.87 Unpacking libsoup-3.0-common (3.2.3-0+deb12u2) ...
#5 14.89 Selecting previously unselected package libsoup-3.0-0:amd64.
#5 14.89 Preparing to unpack .../086-libsoup-3.0-0_3.2.3-0+deb12u2_amd64.deb ...
#5 14.90 Unpacking libsoup-3.0-0:amd64 (3.2.3-0+deb12u2) ...
#5 14.92 Selecting previously unselected package gir1.2-soup-3.0:amd64.
#5 14.93 Preparing to unpack .../087-gir1.2-soup-3.0_3.2.3-0+deb12u2_amd64.deb ...
#5 14.93 Unpacking gir1.2-soup-3.0:amd64 (3.2.3-0+deb12u2) ...
#5 14.95 Selecting previously unselected package libcdparanoia0:amd64.
#5 14.95 Preparing to unpack .../088-libcdparanoia0_3.10.2+debian-14_amd64.deb ...
#5 14.95 Unpacking libcdparanoia0:amd64 (3.10.2+debian-14) ...
#5 14.97 Selecting previously unselected package libdw1:amd64.
#5 14.98 Preparing to unpack .../089-libdw1_0.188-2.1_amd64.deb ...
#5 14.98 Unpacking libdw1:amd64 (0.188-2.1) ...
#5 15.00 Selecting previously unselected package libunwind8:amd64.
#5 15.01 Preparing to unpack .../090-libunwind8_1.6.2-3_amd64.deb ...
#5 15.01 Unpacking libunwind8:amd64 (1.6.2-3) ...
#5 15.02 Selecting previously unselected package libcap2-bin.
#5 15.03 Preparing to unpack .../091-libcap2-bin_1%3a2.66-4+deb12u3+b1_amd64.deb ...
#5 15.03 Unpacking libcap2-bin (1:2.66-4+deb12u3+b1) ...
#5 15.05 Selecting previously unselected package libgstreamer1.0-0:amd64.
#5 15.05 Preparing to unpack .../092-libgstreamer1.0-0_1.22.0-2+deb12u1_amd64.deb ...
#5 15.06 Unpacking libgstreamer1.0-0:amd64 (1.22.0-2+deb12u1) ...
#5 15.13 Selecting previously unselected package liborc-0.4-0:amd64.
#5 15.13 Preparing to unpack .../093-liborc-0.4-0_1%3a0.4.33-2_amd64.deb ...
#5 15.13 Unpacking liborc-0.4-0:amd64 (1:0.4.33-2) ...
#5 15.16 Selecting previously unselected package iso-codes.
#5 15.16 Preparing to unpack .../094-iso-codes_4.15.0-1_all.deb ...
#5 15.17 Unpacking iso-codes (4.15.0-1) ...
#5 15.35 Selecting previously unselected package libgstreamer-plugins-base1.0-0:amd64.
#5 15.35 Preparing to unpack .../095-libgstreamer-plugins-base1.0-0_1.22.0-3+deb12u6_amd64.deb ...
#5 15.36 Unpacking libgstreamer-plugins-base1.0-0:amd64 (1.22.0-3+deb12u6) ...
#5 15.43 Selecting previously unselected package libogg0:amd64.
#5 15.43 Preparing to unpack .../096-libogg0_1.3.5-3_amd64.deb ...
#5 15.43 Unpacking libogg0:amd64 (1.3.5-3) ...
#5 15.45 Selecting previously unselected package libopus0:amd64.
#5 15.45 Preparing to unpack .../097-libopus0_1.3.1-3_amd64.deb ...
#5 15.46 Unpacking libopus0:amd64 (1.3.1-3) ...
#5 15.48 Selecting previously unselected package libtheora0:amd64.
#5 15.48 Preparing to unpack .../098-libtheora0_1.1.1+dfsg.1-16.1+deb12u1_amd64.deb ...
#5 15.49 Unpacking libtheora0:amd64 (1.1.1+dfsg.1-16.1+deb12u1) ...
#5 15.51 Selecting previously unselected package libvisual-0.4-0:amd64.
#5 15.52 Preparing to unpack .../099-libvisual-0.4-0_0.4.0-19_amd64.deb ...
#5 15.52 Unpacking libvisual-0.4-0:amd64 (0.4.0-19) ...
#5 15.54 Selecting previously unselected package libvorbis0a:amd64.
#5 15.55 Preparing to unpack .../100-libvorbis0a_1.3.7-1_amd64.deb ...
#5 15.55 Unpacking libvorbis0a:amd64 (1.3.7-1) ...
#5 15.57 Selecting previously unselected package libvorbisenc2:amd64.
#5 15.57 Preparing to unpack .../101-libvorbisenc2_1.3.7-1_amd64.deb ...
#5 15.57 Unpacking libvorbisenc2:amd64 (1.3.7-1) ...
#5 15.59 Selecting previously unselected package gstreamer1.0-plugins-base:amd64.
#5 15.60 Preparing to unpack .../102-gstreamer1.0-plugins-base_1.22.0-3+deb12u6_amd64.deb ...
#5 15.60 Unpacking gstreamer1.0-plugins-base:amd64 (1.22.0-3+deb12u6) ...
#5 15.65 Selecting previously unselected package libgpm2:amd64.
#5 15.65 Preparing to unpack .../103-libgpm2_1.20.7-10+b1_amd64.deb ...
#5 15.65 Unpacking libgpm2:amd64 (1.20.7-10+b1) ...
#5 15.67 Selecting previously unselected package libslang2:amd64.
#5 15.67 Preparing to unpack .../104-libslang2_2.3.3-3_amd64.deb ...
#5 15.67 Unpacking libslang2:amd64 (2.3.3-3) ...
#5 15.71 Selecting previously unselected package libaa1:amd64.
#5 15.72 Preparing to unpack .../105-libaa1_1.4p5-50_amd64.deb ...
#5 15.72 Unpacking libaa1:amd64 (1.4p5-50) ...
#5 15.74 Selecting previously unselected package libraw1394-11:amd64.
#5 15.74 Preparing to unpack .../106-libraw1394-11_2.1.2-2_amd64.deb ...
#5 15.75 Unpacking libraw1394-11:amd64 (2.1.2-2) ...
#5 15.77 Selecting previously unselected package libavc1394-0:amd64.
#5 15.77 Preparing to unpack .../107-libavc1394-0_0.5.4-5_amd64.deb ...
#5 15.77 Unpacking libavc1394-0:amd64 (0.5.4-5) ...
#5 15.79 Selecting previously unselected package libcaca0:amd64.
#5 15.80 Preparing to unpack .../108-libcaca0_0.99.beta20-3+deb12u1_amd64.deb ...
#5 15.80 Unpacking libcaca0:amd64 (0.99.beta20-3+deb12u1) ...
#5 15.83 Selecting previously unselected package libdv4:amd64.
#5 15.83 Preparing to unpack .../109-libdv4_1.0.0-15_amd64.deb ...
#5 15.83 Unpacking libdv4:amd64 (1.0.0-15) ...
#5 15.86 Selecting previously unselected package libflac12:amd64.
#5 15.86 Preparing to unpack .../110-libflac12_1.4.2+ds-2_amd64.deb ...
#5 15.86 Unpacking libflac12:amd64 (1.4.2+ds-2) ...
#5 15.89 Selecting previously unselected package libgudev-1.0-0:amd64.
#5 15.89 Preparing to unpack .../111-libgudev-1.0-0_237-2_amd64.deb ...
#5 15.90 Unpacking libgudev-1.0-0:amd64 (237-2) ...
#5 15.91 Selecting previously unselected package libiec61883-0:amd64.
#5 15.92 Preparing to unpack .../112-libiec61883-0_1.2.0-6+b1_amd64.deb ...
#5 15.92 Unpacking libiec61883-0:amd64 (1.2.0-6+b1) ...
#5 15.94 Selecting previously unselected package libsamplerate0:amd64.
#5 15.94 Preparing to unpack .../113-libsamplerate0_0.2.2-3_amd64.deb ...
#5 15.94 Unpacking libsamplerate0:amd64 (0.2.2-3) ...
#5 16.00 Selecting previously unselected package libjack-jackd2-0:amd64.
#5 16.00 Preparing to unpack .../114-libjack-jackd2-0_1.9.21~dfsg-3_amd64.deb ...
#5 16.01 Unpacking libjack-jackd2-0:amd64 (1.9.21~dfsg-3) ...
#5 16.04 Selecting previously unselected package libmp3lame0:amd64.
#5 16.04 Preparing to unpack .../115-libmp3lame0_3.100-6_amd64.deb ...
#5 16.04 Unpacking libmp3lame0:amd64 (3.100-6) ...
#5 16.07 Selecting previously unselected package libmpg123-0:amd64.
#5 16.08 Preparing to unpack .../116-libmpg123-0_1.31.2-1+deb12u1_amd64.deb ...
#5 16.08 Unpacking libmpg123-0:amd64 (1.31.2-1+deb12u1) ...
#5 16.10 Selecting previously unselected package libasyncns0:amd64.
#5 16.10 Preparing to unpack .../117-libasyncns0_0.8-6+b3_amd64.deb ...
#5 16.10 Unpacking libasyncns0:amd64 (0.8-6+b3) ...
#5 16.12 Selecting previously unselected package libsndfile1:amd64.
#5 16.12 Preparing to unpack .../118-libsndfile1_1.2.0-1+deb12u1_amd64.deb ...
#5 16.13 Unpacking libsndfile1:amd64 (1.2.0-1+deb12u1) ...
#5 16.15 Selecting previously unselected package libx11-xcb1:amd64.
#5 16.16 Preparing to unpack .../119-libx11-xcb1_2%3a1.8.4-2+deb12u2_amd64.deb ...
#5 16.16 Unpacking libx11-xcb1:amd64 (2:1.8.4-2+deb12u2) ...
#5 16.18 Selecting previously unselected package libpulse0:amd64.
#5 16.18 Preparing to unpack .../120-libpulse0_16.1+dfsg1-2+b1_amd64.deb ...
#5 16.19 Unpacking libpulse0:amd64 (16.1+dfsg1-2+b1) ...
#5 16.21 Selecting previously unselected package libspeex1:amd64.
#5 16.22 Preparing to unpack .../121-libspeex1_1.2.1-2_amd64.deb ...
#5 16.22 Unpacking libspeex1:amd64 (1.2.1-2) ...
#5 16.24 Selecting previously unselected package libshout3:amd64.
#5 16.24 Preparing to unpack .../122-libshout3_2.4.6-1+b1_amd64.deb ...
#5 16.25 Unpacking libshout3:amd64 (2.4.6-1+b1) ...
#5 16.27 Selecting previously unselected package libtag1v5-vanilla:amd64.
#5 16.27 Preparing to unpack .../123-libtag1v5-vanilla_1.13-2+deb12u1_amd64.deb ...
#5 16.27 Unpacking libtag1v5-vanilla:amd64 (1.13-2+deb12u1) ...
#5 16.31 Selecting previously unselected package libtag1v5:amd64.
#5 16.31 Preparing to unpack .../124-libtag1v5_1.13-2+deb12u1_amd64.deb ...
#5 16.31 Unpacking libtag1v5:amd64 (1.13-2+deb12u1) ...
#5 16.33 Selecting previously unselected package libtwolame0:amd64.
#5 16.33 Preparing to unpack .../125-libtwolame0_0.4.0-2_amd64.deb ...
#5 16.33 Unpacking libtwolame0:amd64 (0.4.0-2) ...
#5 16.36 Selecting previously unselected package libv4lconvert0:amd64.
#5 16.36 Preparing to unpack .../126-libv4lconvert0_1.22.1-5+b2_amd64.deb ...
#5 16.36 Unpacking libv4lconvert0:amd64 (1.22.1-5+b2) ...
#5 16.39 Selecting previously unselected package libv4l-0:amd64.
#5 16.39 Preparing to unpack .../127-libv4l-0_1.22.1-5+b2_amd64.deb ...
#5 16.39 Unpacking libv4l-0:amd64 (1.22.1-5+b2) ...
#5 16.41 Selecting previously unselected package libvpx7:amd64.
#5 16.42 Preparing to unpack .../128-libvpx7_1.12.0-1+deb12u5_amd64.deb ...
#5 16.42 Unpacking libvpx7:amd64 (1.12.0-1+deb12u5) ...
#5 16.48 Selecting previously unselected package libwavpack1:amd64.
#5 16.49 Preparing to unpack .../129-libwavpack1_5.6.0-1_amd64.deb ...
#5 16.49 Unpacking libwavpack1:amd64 (5.6.0-1) ...
#5 16.51 Selecting previously unselected package libsoup2.4-common.
#5 16.51 Preparing to unpack .../130-libsoup2.4-common_2.74.3-1+deb12u1_all.deb ...
#5 16.51 Unpacking libsoup2.4-common (2.74.3-1+deb12u1) ...
#5 16.54 Selecting previously unselected package libsoup2.4-1:amd64.
#5 16.54 Preparing to unpack .../131-libsoup2.4-1_2.74.3-1+deb12u1_amd64.deb ...
#5 16.54 Unpacking libsoup2.4-1:amd64 (2.74.3-1+deb12u1) ...
#5 16.58 Selecting previously unselected package gstreamer1.0-plugins-good:amd64.
#5 16.58 Preparing to unpack .../132-gstreamer1.0-plugins-good_1.22.0-5+deb12u3_amd64.deb ...
#5 16.58 Unpacking gstreamer1.0-plugins-good:amd64 (1.22.0-5+deb12u3) ...
#5 16.70 Selecting previously unselected package libglvnd0:amd64.
#5 16.71 Preparing to unpack .../133-libglvnd0_1.6.0-1_amd64.deb ...
#5 16.71 Unpacking libglvnd0:amd64 (1.6.0-1) ...
#5 16.73 Selecting previously unselected package libgles2:amd64.
#5 16.73 Preparing to unpack .../134-libgles2_1.6.0-1_amd64.deb ...
#5 16.74 Unpacking libgles2:amd64 (1.6.0-1) ...
#5 16.75 Selecting previously unselected package xdg-dbus-proxy.
#5 16.76 Preparing to unpack .../135-xdg-dbus-proxy_0.1.4-3+deb12u1_amd64.deb ...
#5 16.76 Unpacking xdg-dbus-proxy (0.1.4-3+deb12u1) ...
#5 16.77 Selecting previously unselected package libabsl20220623:amd64.
#5 16.78 Preparing to unpack .../136-libabsl20220623_20220623.1-1+deb12u2_amd64.deb ...
#5 16.78 Unpacking libabsl20220623:amd64 (20220623.1-1+deb12u2) ...
#5 16.82 Selecting previously unselected package libgav1-1:amd64.
#5 16.82 Preparing to unpack .../137-libgav1-1_0.18.0-1+b1_amd64.deb ...
#5 16.82 Unpacking libgav1-1:amd64 (0.18.0-1+b1) ...
#5 16.85 Selecting previously unselected package librav1e0:amd64.
#5 16.86 Preparing to unpack .../138-librav1e0_0.5.1-6_amd64.deb ...
#5 16.86 Unpacking librav1e0:amd64 (0.5.1-6) ...
#5 16.91 Selecting previously unselected package libsvtav1enc1:amd64.
#5 16.91 Preparing to unpack .../139-libsvtav1enc1_1.4.1+dfsg-1_amd64.deb ...
#5 16.91 Unpacking libsvtav1enc1:amd64 (1.4.1+dfsg-1) ...
#5 17.01 Selecting previously unselected package libyuv0:amd64.
#5 17.02 Preparing to unpack .../140-libyuv0_0.0~git20230123.b2528b0-1_amd64.deb ...
#5 17.02 Unpacking libyuv0:amd64 (0.0~git20230123.b2528b0-1) ...
#5 17.05 Selecting previously unselected package libavif15:amd64.
#5 17.05 Preparing to unpack .../141-libavif15_0.11.1-1+deb12u1_amd64.deb ...
#5 17.05 Unpacking libavif15:amd64 (0.11.1-1+deb12u1) ...
#5 17.07 Selecting previously unselected package libdrm-common.
#5 17.08 Preparing to unpack .../142-libdrm-common_2.4.114-1_all.deb ...
#5 17.08 Unpacking libdrm-common (2.4.114-1) ...
#5 17.09 Selecting previously unselected package libdrm2:amd64.
#5 17.10 Preparing to unpack .../143-libdrm2_2.4.114-1+b1_amd64.deb ...
#5 17.10 Unpacking libdrm2:amd64 (2.4.114-1+b1) ...
#5 17.12 Selecting previously unselected package hunspell-en-us.
#5 17.12 Preparing to unpack .../144-hunspell-en-us_1%3a2020.12.07-2_all.deb ...
#5 17.12 Unpacking hunspell-en-us (1:2020.12.07-2) ...
#5 17.15 Selecting previously unselected package libaspell15:amd64.
#5 17.15 Preparing to unpack .../145-libaspell15_0.60.8-4+b1_amd64.deb ...
#5 17.16 Unpacking libaspell15:amd64 (0.60.8-4+b1) ...
#5 17.19 Selecting previously unselected package libhunspell-1.7-0:amd64.
#5 17.19 Preparing to unpack .../146-libhunspell-1.7-0_1.7.1-1_amd64.deb ...
#5 17.19 Unpacking libhunspell-1.7-0:amd64 (1.7.1-1) ...
#5 17.22 Selecting previously unselected package libenchant-2-2:amd64.
#5 17.22 Preparing to unpack .../147-libenchant-2-2_2.3.3-2_amd64.deb ...
#5 17.22 Unpacking libenchant-2-2:amd64 (2.3.3-2) ...
#5 17.24 Selecting previously unselected package libasound2-data.
#5 17.25 Preparing to unpack .../148-libasound2-data_1.2.8-1_all.deb ...
#5 17.25 Unpacking libasound2-data (1.2.8-1) ...
#5 17.27 Selecting previously unselected package libasound2:amd64.
#5 17.27 Preparing to unpack .../149-libasound2_1.2.8-1+b1_amd64.deb ...
#5 17.27 Unpacking libasound2:amd64 (1.2.8-1+b1) ...
#5 17.31 Selecting previously unselected package libflite1:amd64.
#5 17.31 Preparing to unpack .../150-libflite1_2.2-5_amd64.deb ...
#5 17.31 Unpacking libflite1:amd64 (2.2-5) ...
#5 17.86 Selecting previously unselected package libwayland-server0:amd64.
#5 17.86 Preparing to unpack .../151-libwayland-server0_1.21.0-1_amd64.deb ...
#5 17.87 Unpacking libwayland-server0:amd64 (1.21.0-1) ...
#5 17.88 Selecting previously unselected package libgbm1:amd64.
#5 17.89 Preparing to unpack .../152-libgbm1_22.3.6-1+deb12u2_amd64.deb ...
#5 17.89 Unpacking libgbm1:amd64 (22.3.6-1+deb12u2) ...
#5 17.90 Selecting previously unselected package libglapi-mesa:amd64.
#5 17.91 Preparing to unpack .../153-libglapi-mesa_22.3.6-1+deb12u2_amd64.deb ...
#5 17.91 Unpacking libglapi-mesa:amd64 (22.3.6-1+deb12u2) ...
#5 17.93 Selecting previously unselected package libxcb-dri2-0:amd64.
#5 17.93 Preparing to unpack .../154-libxcb-dri2-0_1.15-1_amd64.deb ...
#5 17.93 Unpacking libxcb-dri2-0:amd64 (1.15-1) ...
#5 17.95 Selecting previously unselected package libxcb-dri3-0:amd64.
#5 17.96 Preparing to unpack .../155-libxcb-dri3-0_1.15-1_amd64.deb ...
#5 17.96 Unpacking libxcb-dri3-0:amd64 (1.15-1) ...
#5 17.98 Selecting previously unselected package libxcb-present0:amd64.
#5 17.98 Preparing to unpack .../156-libxcb-present0_1.15-1_amd64.deb ...
#5 17.99 Unpacking libxcb-present0:amd64 (1.15-1) ...
#5 18.01 Selecting previously unselected package libxcb-randr0:amd64.
#5 18.01 Preparing to unpack .../157-libxcb-randr0_1.15-1_amd64.deb ...
#5 18.01 Unpacking libxcb-randr0:amd64 (1.15-1) ...
#5 18.03 Selecting previously unselected package libxcb-sync1:amd64.
#5 18.04 Preparing to unpack .../158-libxcb-sync1_1.15-1_amd64.deb ...
#5 18.04 Unpacking libxcb-sync1:amd64 (1.15-1) ...
#5 18.06 Selecting previously unselected package libxcb-xfixes0:amd64.
#5 18.06 Preparing to unpack .../159-libxcb-xfixes0_1.15-1_amd64.deb ...
#5 18.07 Unpacking libxcb-xfixes0:amd64 (1.15-1) ...
#5 18.09 Selecting previously unselected package libxshmfence1:amd64.
#5 18.10 Preparing to unpack .../160-libxshmfence1_1.3-1_amd64.deb ...
#5 18.10 Unpacking libxshmfence1:amd64 (1.3-1) ...
#5 18.11 Selecting previously unselected package libegl-mesa0:amd64.
#5 18.12 Preparing to unpack .../161-libegl-mesa0_22.3.6-1+deb12u2_amd64.deb ...
#5 18.12 Unpacking libegl-mesa0:amd64 (22.3.6-1+deb12u2) ...
#5 18.14 Selecting previously unselected package libegl1:amd64.
#5 18.15 Preparing to unpack .../162-libegl1_1.6.0-1_amd64.deb ...
#5 18.15 Unpacking libegl1:amd64 (1.6.0-1) ...
#5 18.16 Selecting previously unselected package libxcb-glx0:amd64.
#5 18.17 Preparing to unpack .../163-libxcb-glx0_1.15-1_amd64.deb ...
#5 18.17 Unpacking libxcb-glx0:amd64 (1.15-1) ...
#5 18.19 Selecting previously unselected package libxxf86vm1:amd64.
#5 18.20 Preparing to unpack .../164-libxxf86vm1_1%3a1.1.4-1+b2_amd64.deb ...
#5 18.20 Unpacking libxxf86vm1:amd64 (1:1.1.4-1+b2) ...
#5 18.23 Selecting previously unselected package libdrm-amdgpu1:amd64.
#5 18.23 Preparing to unpack .../165-libdrm-amdgpu1_2.4.114-1+b1_amd64.deb ...
#5 18.24 Unpacking libdrm-amdgpu1:amd64 (2.4.114-1+b1) ...
#5 18.25 Selecting previously unselected package libpciaccess0:amd64.
#5 18.26 Preparing to unpack .../166-libpciaccess0_0.17-2_amd64.deb ...
#5 18.26 Unpacking libpciaccess0:amd64 (0.17-2) ...
#5 18.28 Selecting previously unselected package libdrm-intel1:amd64.
#5 18.28 Preparing to unpack .../167-libdrm-intel1_2.4.114-1+b1_amd64.deb ...
#5 18.28 Unpacking libdrm-intel1:amd64 (2.4.114-1+b1) ...
#5 18.30 Selecting previously unselected package libdrm-nouveau2:amd64.
#5 18.31 Preparing to unpack .../168-libdrm-nouveau2_2.4.114-1+b1_amd64.deb ...
#5 18.31 Unpacking libdrm-nouveau2:amd64 (2.4.114-1+b1) ...
#5 18.33 Selecting previously unselected package libdrm-radeon1:amd64.
#5 18.33 Preparing to unpack .../169-libdrm-radeon1_2.4.114-1+b1_amd64.deb ...
#5 18.33 Unpacking libdrm-radeon1:amd64 (2.4.114-1+b1) ...
#5 18.35 Selecting previously unselected package libz3-4:amd64.
#5 18.36 Preparing to unpack .../170-libz3-4_4.8.12-3.1_amd64.deb ...
#5 18.36 Unpacking libz3-4:amd64 (4.8.12-3.1) ...
#5 18.66 Selecting previously unselected package libllvm15:amd64.
#5 18.67 Preparing to unpack .../171-libllvm15_1%3a15.0.6-4+b1_amd64.deb ...
#5 18.67 Unpacking libllvm15:amd64 (1:15.0.6-4+b1) ...
#5 19.09 Selecting previously unselected package libsensors-config.
#5 19.10 Preparing to unpack .../172-libsensors-config_1%3a3.6.0-7.1_all.deb ...
#5 19.10 Unpacking libsensors-config (1:3.6.0-7.1) ...
#5 19.11 Selecting previously unselected package libsensors5:amd64.
#5 19.12 Preparing to unpack .../173-libsensors5_1%3a3.6.0-7.1_amd64.deb ...
#5 19.14 Unpacking libsensors5:amd64 (1:3.6.0-7.1) ...
#5 19.16 Selecting previously unselected package libgl1-mesa-dri:amd64.
#5 19.16 Preparing to unpack .../174-libgl1-mesa-dri_22.3.6-1+deb12u2_amd64.deb ...
#5 19.16 Unpacking libgl1-mesa-dri:amd64 (22.3.6-1+deb12u2) ...
#5 19.45 Selecting previously unselected package libglx-mesa0:amd64.
#5 19.46 Preparing to unpack .../175-libglx-mesa0_22.3.6-1+deb12u2_amd64.deb ...
#5 19.46 Unpacking libglx-mesa0:amd64 (22.3.6-1+deb12u2) ...
#5 19.48 Selecting previously unselected package libglx0:amd64.
#5 19.49 Preparing to unpack .../176-libglx0_1.6.0-1_amd64.deb ...
#5 19.49 Unpacking libglx0:amd64 (1.6.0-1) ...
#5 19.51 Selecting previously unselected package libgl1:amd64.
#5 19.51 Preparing to unpack .../177-libgl1_1.6.0-1_amd64.deb ...
#5 19.52 Unpacking libgl1:amd64 (1.6.0-1) ...
#5 19.54 Selecting previously unselected package libgstreamer-gl1.0-0:amd64.
#5 19.54 Preparing to unpack .../178-libgstreamer-gl1.0-0_1.22.0-3+deb12u6_amd64.deb ...
#5 19.54 Unpacking libgstreamer-gl1.0-0:amd64 (1.22.0-3+deb12u6) ...
#5 19.57 Selecting previously unselected package libharfbuzz-icu0:amd64.
#5 19.57 Preparing to unpack .../179-libharfbuzz-icu0_6.0.0+dfsg-3_amd64.deb ...
#5 19.57 Unpacking libharfbuzz-icu0:amd64 (6.0.0+dfsg-3) ...
#5 19.60 Selecting previously unselected package libhyphen0:amd64.
#5 19.60 Preparing to unpack .../180-libhyphen0_2.8.8-7_amd64.deb ...
#5 19.61 Unpacking libhyphen0:amd64 (2.8.8-7) ...
#5 19.63 Selecting previously unselected package libevdev2:amd64.
#5 19.63 Preparing to unpack .../181-libevdev2_1.13.0+dfsg-1_amd64.deb ...
#5 19.63 Unpacking libevdev2:amd64 (1.13.0+dfsg-1) ...
#5 19.65 Selecting previously unselected package libmanette-0.2-0:amd64.
#5 19.65 Preparing to unpack .../182-libmanette-0.2-0_0.2.6-3+b1_amd64.deb ...
#5 19.66 Unpacking libmanette-0.2-0:amd64 (0.2.6-3+b1) ...
#5 19.67 Selecting previously unselected package libsecret-common.
#5 19.68 Preparing to unpack .../183-libsecret-common_0.20.5-3_all.deb ...
#5 19.68 Unpacking libsecret-common (0.20.5-3) ...
#5 19.70 Selecting previously unselected package libsecret-1-0:amd64.
#5 19.70 Preparing to unpack .../184-libsecret-1-0_0.20.5-3_amd64.deb ...
#5 19.71 Unpacking libsecret-1-0:amd64 (0.20.5-3) ...
#5 19.73 Selecting previously unselected package libwoff1:amd64.
#5 19.73 Preparing to unpack .../185-libwoff1_1.0.2-2_amd64.deb ...
#5 19.73 Unpacking libwoff1:amd64 (1.0.2-2) ...
#5 19.75 Selecting previously unselected package libwebkit2gtk-4.1-0:amd64.
#5 19.76 Preparing to unpack .../186-libwebkit2gtk-4.1-0_2.50.6-1~deb12u2_amd64.deb ...
#5 19.76 Unpacking libwebkit2gtk-4.1-0:amd64 (2.50.6-1~deb12u2) ...
#5 20.13 Selecting previously unselected package gir1.2-webkit2-4.1:amd64.
#5 20.14 Preparing to unpack .../187-gir1.2-webkit2-4.1_2.50.6-1~deb12u2_amd64.deb ...
#5 20.14 Unpacking gir1.2-webkit2-4.1:amd64 (2.50.6-1~deb12u2) ...
#5 20.16 Selecting previously unselected package python3-pkg-resources.
#5 20.16 Preparing to unpack .../188-python3-pkg-resources_66.1.1-1+deb12u2_all.deb ...
#5 20.17 Unpacking python3-pkg-resources (66.1.1-1+deb12u2) ...
#5 20.20 Selecting previously unselected package python3-markupsafe.
#5 20.20 Preparing to unpack .../189-python3-markupsafe_2.1.2-1+b1_amd64.deb ...
#5 20.20 Unpacking python3-markupsafe (2.1.2-1+b1) ...
#5 20.22 Selecting previously unselected package python3-mako.
#5 20.23 Preparing to unpack .../190-python3-mako_1.2.4+ds-1_all.deb ...
#5 20.23 Unpacking python3-mako (1.2.4+ds-1) ...
#5 20.25 Selecting previously unselected package python3-markdown.
#5 20.26 Preparing to unpack .../191-python3-markdown_3.4.1-2+deb12u1_all.deb ...
#5 20.26 Unpacking python3-markdown (3.4.1-2+deb12u1) ...
#5 20.28 Selecting previously unselected package gobject-introspection.
#5 20.29 Preparing to unpack .../192-gobject-introspection_1.74.0-3_amd64.deb ...
#5 20.29 Unpacking gobject-introspection (1.74.0-3) ...
#5 20.32 Selecting previously unselected package libglx-dev:amd64.
#5 20.32 Preparing to unpack .../193-libglx-dev_1.6.0-1_amd64.deb ...
#5 20.33 Unpacking libglx-dev:amd64 (1.6.0-1) ...
#5 20.35 Selecting previously unselected package libgl-dev:amd64.
#5 20.35 Preparing to unpack .../194-libgl-dev_1.6.0-1_amd64.deb ...
#5 20.35 Unpacking libgl-dev:amd64 (1.6.0-1) ...
#5 20.38 Selecting previously unselected package libegl-dev:amd64.
#5 20.38 Preparing to unpack .../195-libegl-dev_1.6.0-1_amd64.deb ...
#5 20.38 Unpacking libegl-dev:amd64 (1.6.0-1) ...
#5 20.40 Selecting previously unselected package libglvnd-core-dev:amd64.
#5 20.41 Preparing to unpack .../196-libglvnd-core-dev_1.6.0-1_amd64.deb ...
#5 20.41 Unpacking libglvnd-core-dev:amd64 (1.6.0-1) ...
#5 20.43 Selecting previously unselected package libgles1:amd64.
#5 20.43 Preparing to unpack .../197-libgles1_1.6.0-1_amd64.deb ...
#5 20.43 Unpacking libgles1:amd64 (1.6.0-1) ...
#5 20.45 Selecting previously unselected package libgles-dev:amd64.
#5 20.46 Preparing to unpack .../198-libgles-dev_1.6.0-1_amd64.deb ...
#5 20.46 Unpacking libgles-dev:amd64 (1.6.0-1) ...
#5 20.48 Selecting previously unselected package libopengl0:amd64.
#5 20.49 Preparing to unpack .../199-libopengl0_1.6.0-1_amd64.deb ...
#5 20.49 Unpacking libopengl0:amd64 (1.6.0-1) ...
#5 20.51 Selecting previously unselected package libopengl-dev:amd64.
#5 20.51 Preparing to unpack .../200-libopengl-dev_1.6.0-1_amd64.deb ...
#5 20.51 Unpacking libopengl-dev:amd64 (1.6.0-1) ...
#5 20.53 Selecting previously unselected package libglvnd-dev:amd64.
#5 20.54 Preparing to unpack .../201-libglvnd-dev_1.6.0-1_amd64.deb ...
#5 20.54 Unpacking libglvnd-dev:amd64 (1.6.0-1) ...
#5 20.56 Selecting previously unselected package libegl1-mesa-dev:amd64.
#5 20.56 Preparing to unpack .../202-libegl1-mesa-dev_22.3.6-1+deb12u2_amd64.deb ...
#5 20.56 Unpacking libegl1-mesa-dev:amd64 (22.3.6-1+deb12u2) ...
#5 20.58 Selecting previously unselected package libepoxy-dev:amd64.
#5 20.59 Preparing to unpack .../203-libepoxy-dev_1.5.10-1_amd64.deb ...
#5 20.59 Unpacking libepoxy-dev:amd64 (1.5.10-1) ...
#5 20.61 Selecting previously unselected package libgirepository1.0-dev.
#5 20.62 Preparing to unpack .../204-libgirepository1.0-dev_1.74.0-3_amd64.deb ...
#5 20.62 Unpacking libgirepository1.0-dev (1.74.0-3) ...
#5 20.67 Selecting previously unselected package libgraphene-1.0-dev.
#5 20.67 Preparing to unpack .../205-libgraphene-1.0-dev_1.10.8-1_amd64.deb ...
#5 20.67 Unpacking libgraphene-1.0-dev (1.10.8-1) ...
#5 20.69 Selecting previously unselected package libfribidi-dev:amd64.
#5 20.70 Preparing to unpack .../206-libfribidi-dev_1.0.8-2.1_amd64.deb ...
#5 20.70 Unpacking libfribidi-dev:amd64 (1.0.8-2.1) ...
#5 20.72 Selecting previously unselected package libharfbuzz-gobject0:amd64.
#5 20.73 Preparing to unpack .../207-libharfbuzz-gobject0_6.0.0+dfsg-3_amd64.deb ...
#5 20.73 Unpacking libharfbuzz-gobject0:amd64 (6.0.0+dfsg-3) ...
#5 20.75 Selecting previously unselected package libharfbuzz-subset0:amd64.
#5 20.76 Preparing to unpack .../208-libharfbuzz-subset0_6.0.0+dfsg-3_amd64.deb ...
#5 20.76 Unpacking libharfbuzz-subset0:amd64 (6.0.0+dfsg-3) ...
#5 20.80 Selecting previously unselected package libgraphite2-dev:amd64.
#5 20.80 Preparing to unpack .../209-libgraphite2-dev_1.3.14-1+deb12u1_amd64.deb ...
#5 20.80 Unpacking libgraphite2-dev:amd64 (1.3.14-1+deb12u1) ...
#5 20.82 Selecting previously unselected package libharfbuzz-dev:amd64.
#5 20.83 Preparing to unpack .../210-libharfbuzz-dev_6.0.0+dfsg-3_amd64.deb ...
#5 20.83 Unpacking libharfbuzz-dev:amd64 (6.0.0+dfsg-3) ...
#5 20.87 Selecting previously unselected package libdatrie-dev:amd64.
#5 20.88 Preparing to unpack .../211-libdatrie-dev_0.2.13-2+b1_amd64.deb ...
#5 20.88 Unpacking libdatrie-dev:amd64 (0.2.13-2+b1) ...
#5 20.89 Selecting previously unselected package libthai-dev:amd64.
#5 20.90 Preparing to unpack .../212-libthai-dev_0.1.29-1_amd64.deb ...
#5 20.90 Unpacking libthai-dev:amd64 (0.1.29-1) ...
#5 20.92 Selecting previously unselected package libxft-dev:amd64.
#5 20.92 Preparing to unpack .../213-libxft-dev_2.3.6-1_amd64.deb ...
#5 20.92 Unpacking libxft-dev:amd64 (2.3.6-1) ...
#5 20.94 Selecting previously unselected package pango1.0-tools.
#5 20.95 Preparing to unpack .../214-pango1.0-tools_1.50.12+ds-1_amd64.deb ...
#5 20.95 Unpacking pango1.0-tools (1.50.12+ds-1) ...
#5 20.97 Selecting previously unselected package libpango1.0-dev:amd64.
#5 20.97 Preparing to unpack .../215-libpango1.0-dev_1.50.12+ds-1_amd64.deb ...
#5 20.97 Unpacking libpango1.0-dev:amd64 (1.50.12+ds-1) ...
#5 20.99 Selecting previously unselected package libwayland-bin.
#5 21.00 Preparing to unpack .../216-libwayland-bin_1.21.0-1_amd64.deb ...
#5 21.00 Unpacking libwayland-bin (1.21.0-1) ...
#5 21.01 Selecting previously unselected package libwayland-dev:amd64.
#5 21.02 Preparing to unpack .../217-libwayland-dev_1.21.0-1_amd64.deb ...
#5 21.02 Unpacking libwayland-dev:amd64 (1.21.0-1) ...
#5 21.04 Selecting previously unselected package libxfixes-dev:amd64.
#5 21.04 Preparing to unpack .../218-libxfixes-dev_1%3a6.0.0-2_amd64.deb ...
#5 21.04 Unpacking libxfixes-dev:amd64 (1:6.0.0-2) ...
#5 21.06 Selecting previously unselected package libxcomposite-dev:amd64.
#5 21.06 Preparing to unpack .../219-libxcomposite-dev_1%3a0.4.5-1_amd64.deb ...
#5 21.06 Unpacking libxcomposite-dev:amd64 (1:0.4.5-1) ...
#5 21.08 Selecting previously unselected package libxcursor-dev:amd64.
#5 21.08 Preparing to unpack .../220-libxcursor-dev_1%3a1.2.1-1_amd64.deb ...
#5 21.09 Unpacking libxcursor-dev:amd64 (1:1.2.1-1) ...
#5 21.10 Selecting previously unselected package libxdamage-dev:amd64.
#5 21.11 Preparing to unpack .../221-libxdamage-dev_1%3a1.1.6-1_amd64.deb ...
#5 21.11 Unpacking libxdamage-dev:amd64 (1:1.1.6-1) ...
#5 21.12 Selecting previously unselected package libxi-dev:amd64.
#5 21.13 Preparing to unpack .../222-libxi-dev_2%3a1.8-1+b1_amd64.deb ...
#5 21.13 Unpacking libxi-dev:amd64 (2:1.8-1+b1) ...
#5 21.16 Selecting previously unselected package libxinerama-dev:amd64.
#5 21.17 Preparing to unpack .../223-libxinerama-dev_2%3a1.1.4-3_amd64.deb ...
#5 21.17 Unpacking libxinerama-dev:amd64 (2:1.1.4-3) ...
#5 21.18 Selecting previously unselected package libxkbcommon-dev:amd64.
#5 21.19 Preparing to unpack .../224-libxkbcommon-dev_1.5.0-1_amd64.deb ...
#5 21.19 Unpacking libxkbcommon-dev:amd64 (1.5.0-1) ...
#5 21.20 Selecting previously unselected package libxrandr-dev:amd64.
#5 21.21 Preparing to unpack .../225-libxrandr-dev_2%3a1.5.2-2+b1_amd64.deb ...
#5 21.21 Unpacking libxrandr-dev:amd64 (2:1.5.2-2+b1) ...
#5 21.23 Selecting previously unselected package libvulkan1:amd64.
#5 21.23 Preparing to unpack .../226-libvulkan1_1.3.239.0-1_amd64.deb ...
#5 21.23 Unpacking libvulkan1:amd64 (1.3.239.0-1) ...
#5 21.26 Selecting previously unselected package libvulkan-dev:amd64.
#5 21.26 Preparing to unpack .../227-libvulkan-dev_1.3.239.0-1_amd64.deb ...
#5 21.26 Unpacking libvulkan-dev:amd64 (1.3.239.0-1) ...
#5 21.32 Selecting previously unselected package wayland-protocols.
#5 21.32 Preparing to unpack .../228-wayland-protocols_1.31-1_all.deb ...
#5 21.32 Unpacking wayland-protocols (1.31-1) ...
#5 21.34 Selecting previously unselected package libgtk-4-dev:amd64.
#5 21.35 Preparing to unpack .../229-libgtk-4-dev_4.8.3+ds-2+deb12u1_amd64.deb ...
#5 21.35 Unpacking libgtk-4-dev:amd64 (4.8.3+ds-2+deb12u1) ...
#5 21.40 Selecting previously unselected package libadwaita-1-dev:amd64.
#5 21.41 Preparing to unpack .../230-libadwaita-1-dev_1.2.2-1_amd64.deb ...
#5 21.41 Unpacking libadwaita-1-dev:amd64 (1.2.2-1) ...
#5 21.43 Selecting previously unselected package libatk1.0-dev:amd64.
#5 21.43 Preparing to unpack .../231-libatk1.0-dev_2.46.0-5_amd64.deb ...
#5 21.43 Unpacking libatk1.0-dev:amd64 (2.46.0-5) ...
#5 21.46 Selecting previously unselected package xml-core.
#5 21.46 Preparing to unpack .../232-xml-core_0.18+nmu1_all.deb ...
#5 21.46 Unpacking xml-core (0.18+nmu1) ...
#5 21.48 Selecting previously unselected package libdbus-1-dev:amd64.
#5 21.49 Preparing to unpack .../233-libdbus-1-dev_1.14.10-1~deb12u1_amd64.deb ...
#5 21.49 Unpacking libdbus-1-dev:amd64 (1.14.10-1~deb12u1) ...
#5 21.51 Selecting previously unselected package libxtst6:amd64.
#5 21.52 Preparing to unpack .../234-libxtst6_2%3a1.2.3-1.1_amd64.deb ...
#5 21.52 Unpacking libxtst6:amd64 (2:1.2.3-1.1) ...
#5 21.53 Selecting previously unselected package libxtst-dev:amd64.
#5 21.54 Preparing to unpack .../235-libxtst-dev_2%3a1.2.3-1.1_amd64.deb ...
#5 21.54 Unpacking libxtst-dev:amd64 (2:1.2.3-1.1) ...
#5 21.55 Selecting previously unselected package libatspi2.0-dev:amd64.
#5 21.56 Preparing to unpack .../236-libatspi2.0-dev_2.46.0-5_amd64.deb ...
#5 21.56 Unpacking libatspi2.0-dev:amd64 (2.46.0-5) ...
#5 21.58 Selecting previously unselected package libatk-bridge2.0-dev:amd64.
#5 21.58 Preparing to unpack .../237-libatk-bridge2.0-dev_2.46.0-5_amd64.deb ...
#5 21.58 Unpacking libatk-bridge2.0-dev:amd64 (2.46.0-5) ...
#5 21.60 Selecting previously unselected package libgtk-3-dev:amd64.
#5 21.60 Preparing to unpack .../238-libgtk-3-dev_3.24.38-2~deb12u3_amd64.deb ...
#5 21.61 Unpacking libgtk-3-dev:amd64 (3.24.38-2~deb12u3) ...
#5 21.67 Selecting previously unselected package libayatana-ido3-dev.
#5 21.67 Preparing to unpack .../239-libayatana-ido3-dev_0.9.3-1_amd64.deb ...
#5 21.67 Unpacking libayatana-ido3-dev (0.9.3-1) ...
#5 21.69 Selecting previously unselected package libayatana-indicator3-dev.
#5 21.70 Preparing to unpack .../240-libayatana-indicator3-dev_0.9.3-1_amd64.deb ...
#5 21.70 Unpacking libayatana-indicator3-dev (0.9.3-1) ...
#5 21.71 Selecting previously unselected package libxml2-utils.
#5 21.72 Preparing to unpack .../241-libxml2-utils_2.9.14+dfsg-1.3~deb12u6_amd64.deb ...
#5 21.72 Unpacking libxml2-utils (2.9.14+dfsg-1.3~deb12u6) ...
#5 21.73 Selecting previously unselected package libgtk2.0-dev:amd64.
#5 21.74 Preparing to unpack .../242-libgtk2.0-dev_2.24.33-2+deb12u1_amd64.deb ...
#5 21.74 Unpacking libgtk2.0-dev:amd64 (2.24.33-2+deb12u1) ...
#5 21.79 Selecting previously unselected package libdbusmenu-glib-dev:amd64.
#5 21.79 Preparing to unpack .../243-libdbusmenu-glib-dev_18.10.20180917~bzr492+repack1-3_amd64.deb ...
#5 21.80 Unpacking libdbusmenu-glib-dev:amd64 (18.10.20180917~bzr492+repack1-3) ...
#5 21.82 Selecting previously unselected package libayatana-appindicator3-dev.
#5 21.82 Preparing to unpack .../244-libayatana-appindicator3-dev_0.5.92-1_amd64.deb ...
#5 21.82 Unpacking libayatana-appindicator3-dev (0.5.92-1) ...
#5 21.84 Selecting previously unselected package libgif7:amd64.
#5 21.85 Preparing to unpack .../245-libgif7_5.2.1-2.5+deb12u1_amd64.deb ...
#5 21.85 Unpacking libgif7:amd64 (5.2.1-2.5+deb12u1) ...
#5 21.87 Selecting previously unselected package libgs-common.
#5 21.87 Preparing to unpack .../246-libgs-common_10.0.0~dfsg-11+deb12u8_all.deb ...
#5 21.87 Unpacking libgs-common (10.0.0~dfsg-11+deb12u8) ...
#5 21.90 Selecting previously unselected package libgs10-common.
#5 21.90 Preparing to unpack .../247-libgs10-common_10.0.0~dfsg-11+deb12u8_all.deb ...
#5 21.91 Unpacking libgs10-common (10.0.0~dfsg-11+deb12u8) ...
#5 21.95 Selecting previously unselected package libidn12:amd64.
#5 21.96 Preparing to unpack .../248-libidn12_1.41-1_amd64.deb ...
#5 21.97 Unpacking libidn12:amd64 (1.41-1) ...
#5 21.99 Selecting previously unselected package libijs-0.35:amd64.
#5 22.00 Preparing to unpack .../249-libijs-0.35_0.35-15_amd64.deb ...
#5 22.00 Unpacking libijs-0.35:amd64 (0.35-15) ...
#5 22.02 Selecting previously unselected package libjbig2dec0:amd64.
#5 22.02 Preparing to unpack .../250-libjbig2dec0_0.19-3+deb12u1_amd64.deb ...
#5 22.02 Unpacking libjbig2dec0:amd64 (0.19-3+deb12u1) ...
#5 22.04 Selecting previously unselected package libpaper1:amd64.
#5 22.05 Preparing to unpack .../251-libpaper1_1.1.29_amd64.deb ...
#5 22.05 Unpacking libpaper1:amd64 (1.1.29) ...
#5 22.07 Selecting previously unselected package libgs10:amd64.
#5 22.07 Preparing to unpack .../252-libgs10_10.0.0~dfsg-11+deb12u8_amd64.deb ...
#5 22.07 Unpacking libgs10:amd64 (10.0.0~dfsg-11+deb12u8) ...
#5 22.20 Selecting previously unselected package libhwy1:amd64.
#5 22.20 Preparing to unpack .../253-libhwy1_1.0.3-3+deb12u1_amd64.deb ...
#5 22.20 Unpacking libhwy1:amd64 (1.0.3-3+deb12u1) ...
#5 22.24 Selecting previously unselected package libid3tag0:amd64.
#5 22.24 Preparing to unpack .../254-libid3tag0_0.15.1b-14_amd64.deb ...
#5 22.24 Unpacking libid3tag0:amd64 (0.15.1b-14) ...
#5 22.26 Selecting previously unselected package libjxl0.7:amd64.
#5 22.27 Preparing to unpack .../255-libjxl0.7_0.7.0-10+deb12u1_amd64.deb ...
#5 22.27 Unpacking libjxl0.7:amd64 (0.7.0-10+deb12u1) ...
#5 22.32 Selecting previously unselected package libspectre1:amd64.
#5 22.33 Preparing to unpack .../256-libspectre1_0.2.12-1_amd64.deb ...
#5 22.33 Unpacking libspectre1:amd64 (0.2.12-1) ...
#5 22.35 Selecting previously unselected package libimlib2:amd64.
#5 22.35 Preparing to unpack .../257-libimlib2_1.10.0-4+deb12u1_amd64.deb ...
#5 22.36 Unpacking libimlib2:amd64 (1.10.0-4+deb12u1) ...
#5 22.38 Selecting previously unselected package libjavascriptcoregtk-4.1-dev:amd64.
#5 22.38 Preparing to unpack .../258-libjavascriptcoregtk-4.1-dev_2.50.6-1~deb12u2_amd64.deb ...
#5 22.38 Unpacking libjavascriptcoregtk-4.1-dev:amd64 (2.50.6-1~deb12u2) ...
#5 22.40 Selecting previously unselected package libjson-glib-dev:amd64.
#5 22.41 Preparing to unpack .../259-libjson-glib-dev_1.6.6-1_amd64.deb ...
#5 22.41 Unpacking libjson-glib-dev:amd64 (1.6.6-1) ...
#5 22.43 Selecting previously unselected package libnghttp2-dev:amd64.
#5 22.43 Preparing to unpack .../260-libnghttp2-dev_1.52.0-1+deb12u3_amd64.deb ...
#5 22.43 Unpacking libnghttp2-dev:amd64 (1.52.0-1+deb12u3) ...
#5 22.45 Selecting previously unselected package libobt2v5.
#5 22.46 Preparing to unpack .../261-libobt2v5_3.6.1-10_amd64.deb ...
#5 22.46 Unpacking libobt2v5 (3.6.1-10) ...
#5 22.48 Selecting previously unselected package libobrender32v5.
#5 22.48 Preparing to unpack .../262-libobrender32v5_3.6.1-10_amd64.deb ...
#5 22.49 Unpacking libobrender32v5 (3.6.1-10) ...
#5 22.50 Selecting previously unselected package libpolkit-gobject-1-dev.
#5 22.51 Preparing to unpack .../263-libpolkit-gobject-1-dev_122-3_amd64.deb ...
#5 22.51 Unpacking libpolkit-gobject-1-dev (122-3) ...
#5 22.52 Selecting previously unselected package libpsl-dev:amd64.
#5 22.53 Preparing to unpack .../264-libpsl-dev_0.21.2-1_amd64.deb ...
#5 22.53 Unpacking libpsl-dev:amd64 (0.21.2-1) ...
#5 22.55 Selecting previously unselected package libsysprof-4:amd64.
#5 22.56 Preparing to unpack .../265-libsysprof-4_3.46.0-4_amd64.deb ...
#5 22.56 Unpacking libsysprof-4:amd64 (3.46.0-4) ...
#5 22.58 Selecting previously unselected package libsysprof-ui-5:amd64.
#5 22.59 Preparing to unpack .../266-libsysprof-ui-5_3.46.0-4_amd64.deb ...
#5 22.59 Unpacking libsysprof-ui-5:amd64 (3.46.0-4) ...
#5 22.61 Selecting previously unselected package libsysprof-4-dev:amd64.
#5 22.62 Preparing to unpack .../267-libsysprof-4-dev_3.46.0-4_amd64.deb ...
#5 22.62 Unpacking libsysprof-4-dev:amd64 (3.46.0-4) ...
#5 22.65 Selecting previously unselected package libsoup-3.0-dev:amd64.
#5 22.65 Preparing to unpack .../268-libsoup-3.0-dev_3.2.3-0+deb12u2_amd64.deb ...
#5 22.65 Unpacking libsoup-3.0-dev:amd64 (3.2.3-0+deb12u2) ...
#5 22.67 Selecting previously unselected package libxcb-util1:amd64.
#5 22.68 Preparing to unpack .../269-libxcb-util1_0.4.0-1+b1_amd64.deb ...
#5 22.68 Unpacking libxcb-util1:amd64 (0.4.0-1+b1) ...
#5 22.71 Selecting previously unselected package libstartup-notification0:amd64.
#5 22.71 Preparing to unpack .../270-libstartup-notification0_0.12-6+b1_amd64.deb ...
#5 22.71 Unpacking libstartup-notification0:amd64 (0.12-6+b1) ...
#5 22.73 Selecting previously unselected package libwebkit2gtk-4.1-dev.
#5 22.74 Preparing to unpack .../271-libwebkit2gtk-4.1-dev_2.50.6-1~deb12u2_amd64.deb ...
#5 22.74 Unpacking libwebkit2gtk-4.1-dev (2.50.6-1~deb12u2) ...
#5 22.78 Selecting previously unselected package libxmu6:amd64.
#5 22.78 Preparing to unpack .../272-libxmu6_2%3a1.1.3-3_amd64.deb ...
#5 22.79 Unpacking libxmu6:amd64 (2:1.1.3-3) ...
#5 22.81 Selecting previously unselected package libxpm4:amd64.
#5 22.81 Preparing to unpack .../273-libxpm4_1%3a3.5.12-1.1+deb12u1_amd64.deb ...
#5 22.81 Unpacking libxpm4:amd64 (1:3.5.12-1.1+deb12u1) ...
#5 22.83 Selecting previously unselected package libxaw7:amd64.
#5 22.84 Preparing to unpack .../274-libxaw7_2%3a1.0.14-1_amd64.deb ...
#5 22.84 Unpacking libxaw7:amd64 (2:1.0.14-1) ...
#5 22.86 Selecting previously unselected package libxcb-shape0:amd64.
#5 22.87 Preparing to unpack .../275-libxcb-shape0_1.15-1_amd64.deb ...
#5 22.87 Unpacking libxcb-shape0:amd64 (1.15-1) ...
#5 22.89 Selecting previously unselected package libxdo3:amd64.
#5 22.89 Preparing to unpack .../276-libxdo3_1%3a3.20160805.1-5_amd64.deb ...
#5 22.89 Unpacking libxdo3:amd64 (1:3.20160805.1-5) ...
#5 22.91 Selecting previously unselected package libxdo-dev.
#5 22.92 Preparing to unpack .../277-libxdo-dev_1%3a3.20160805.1-5_amd64.deb ...
#5 22.92 Unpacking libxdo-dev (1:3.20160805.1-5) ...
#5 22.94 Selecting previously unselected package libxfont2:amd64.
#5 22.95 Preparing to unpack .../278-libxfont2_1%3a2.0.6-1+deb12u1_amd64.deb ...
#5 22.95 Unpacking libxfont2:amd64 (1:2.0.6-1+deb12u1) ...
#5 22.97 Selecting previously unselected package libxkbfile1:amd64.
#5 22.98 Preparing to unpack .../279-libxkbfile1_1%3a1.1.0-1_amd64.deb ...
#5 22.98 Unpacking libxkbfile1:amd64 (1:1.1.0-1) ...
#5 23.00 Selecting previously unselected package libxmuu1:amd64.
#5 23.01 Preparing to unpack .../280-libxmuu1_2%3a1.1.3-3_amd64.deb ...
#5 23.01 Unpacking libxmuu1:amd64 (2:1.1.3-3) ...
#5 23.03 Selecting previously unselected package libxv1:amd64.
#5 23.03 Preparing to unpack .../281-libxv1_2%3a1.0.11-1.1_amd64.deb ...
#5 23.03 Unpacking libxv1:amd64 (2:1.0.11-1.1) ...
#5 23.05 Selecting previously unselected package libxxf86dga1:amd64.
#5 23.06 Preparing to unpack .../282-libxxf86dga1_2%3a1.1.5-1_amd64.deb ...
#5 23.06 Unpacking libxxf86dga1:amd64 (2:1.1.5-1) ...
#5 23.07 Selecting previously unselected package openbox.
#5 23.08 Preparing to unpack .../283-openbox_3.6.1-10_amd64.deb ...
#5 23.08 Unpacking openbox (3.6.1-10) ...
#5 23.12 Selecting previously unselected package shellcheck.
#5 23.12 Preparing to unpack .../284-shellcheck_0.9.0-1_amd64.deb ...
#5 23.13 Unpacking shellcheck (0.9.0-1) ...
#5 23.24 Selecting previously unselected package wmctrl.
#5 23.25 Preparing to unpack .../285-wmctrl_1.07-7+b1_amd64.deb ...
#5 23.25 Unpacking wmctrl (1.07-7+b1) ...
#5 23.27 Selecting previously unselected package x11-utils.
#5 23.28 Preparing to unpack .../286-x11-utils_7.7+5_amd64.deb ...
#5 23.28 Unpacking x11-utils (7.7+5) ...
#5 23.30 Selecting previously unselected package x11-xkb-utils.
#5 23.31 Preparing to unpack .../287-x11-xkb-utils_7.7+7_amd64.deb ...
#5 23.31 Unpacking x11-xkb-utils (7.7+7) ...
#5 23.33 Selecting previously unselected package xdotool.
#5 23.34 Preparing to unpack .../288-xdotool_1%3a3.20160805.1-5_amd64.deb ...
#5 23.34 Unpacking xdotool (1:3.20160805.1-5) ...
#5 23.36 Selecting previously unselected package xserver-common.
#5 23.36 Preparing to unpack .../289-xserver-common_2%3a21.1.7-3+deb12u13_all.deb ...
#5 23.37 Unpacking xserver-common (2:21.1.7-3+deb12u13) ...
#5 23.39 Selecting previously unselected package xvfb.
#5 23.40 Preparing to unpack .../290-xvfb_2%3a21.1.7-3+deb12u13_amd64.deb ...
#5 23.40 Unpacking xvfb (2:21.1.7-3+deb12u13) ...
#5 23.48 Setting up python3-pkg-resources (66.1.1-1+deb12u2) ...
#5 23.62 Setting up bubblewrap (0.8.0-2+deb12u1) ...
#5 23.62 Setting up libtext-iconv-perl:amd64 (1.7-8) ...
#5 23.63 Setting up libxcb-dri3-0:amd64 (1.15-1) ...
#5 23.63 Setting up libcdparanoia0:amd64 (3.10.2+debian-14) ...
#5 23.63 Setting up libwayland-server0:amd64 (1.21.0-1) ...
#5 23.64 Setting up libpaper1:amd64 (1.1.29) ...
#5 23.70 
#5 23.70 Creating config file /etc/papersize with new version
#5 23.71 Setting up gtk-update-icon-cache (3.24.38-2~deb12u3) ...
#5 23.72 Setting up libnghttp2-dev:amd64 (1.52.0-1+deb12u3) ...
#5 23.72 Setting up libx11-xcb1:amd64 (2:1.8.4-2+deb12u2) ...
#5 23.73 Setting up libpciaccess0:amd64 (0.17-2) ...
#5 23.73 Setting up libabsl20220623:amd64 (20220623.1-1+deb12u2) ...
#5 23.73 Setting up libdw1:amd64 (0.188-2.1) ...
#5 23.74 Setting up libraw1394-11:amd64 (2.1.2-2) ...
#5 23.74 Setting up libxft2:amd64 (2.3.6-1) ...
#5 23.75 Setting up libapparmor1:amd64 (3.0.8-3) ...
#5 23.75 Setting up libproxy1v5:amd64 (0.4.18-1.2) ...
#5 23.75 Setting up libxmu6:amd64 (2:1.1.3-3) ...
#5 23.76 Setting up libtag1v5-vanilla:amd64 (1.13-2+deb12u1) ...
#5 23.77 Setting up libharfbuzz-icu0:amd64 (6.0.0+dfsg-3) ...
#5 23.78 Setting up libgpm2:amd64 (1.20.7-10+b1) ...
#5 23.78 Setting up libxdamage1:amd64 (1:1.1.6-1) ...
#5 23.78 Setting up libmpg123-0:amd64 (1.31.2-1+deb12u1) ...
#5 23.79 Setting up libxcb-xfixes0:amd64 (1.15-1) ...
#5 23.79 Setting up libogg0:amd64 (1.3.5-3) ...
#5 23.80 Setting up libspeex1:amd64 (1.2.1-2) ...
#5 23.80 Setting up libxpm4:amd64 (1:3.5.12-1.1+deb12u1) ...
#5 23.80 Setting up libpangoxft-1.0-0:amd64 (1.50.12+ds-1) ...
#5 23.81 Setting up libglvnd-core-dev:amd64 (1.6.0-1) ...
#5 23.81 Setting up libxi6:amd64 (2:1.8-1+b1) ...
#5 23.82 Setting up libtwolame0:amd64 (0.4.0-2) ...
#5 23.82 Setting up libwoff1:amd64 (1.0.2-2) ...
#5 23.83 Setting up libhyphen0:amd64 (2.8.8-7) ...
#5 23.83 Setting up libvisual-0.4-0:amd64 (0.4.0-19) ...
#5 23.84 Setting up libaspell15:amd64 (0.60.8-4+b1) ...
#5 23.84 Setting up libglvnd0:amd64 (1.6.0-1) ...
#5 23.85 Setting up libxtst6:amd64 (2:1.2.3-1.1) ...
#5 23.85 Setting up libijs-0.35:amd64 (0.35-15) ...
#5 23.85 Setting up libfribidi-dev:amd64 (1.0.8-2.1) ...
#5 23.86 Setting up libxcb-glx0:amd64 (1.15-1) ...
#5 23.86 Setting up libdbusmenu-glib4:amd64 (18.10.20180917~bzr492+repack1-3) ...
#5 23.87 Setting up libgs-common (10.0.0~dfsg-11+deb12u8) ...
#5 23.87 Setting up pango1.0-tools (1.50.12+ds-1) ...
#5 23.88 Setting up libxcb-shape0:amd64 (1.15-1) ...
#5 23.88 Setting up libsensors-config (1:3.6.0-7.1) ...
#5 23.89 Setting up libxxf86dga1:amd64 (2:1.1.5-1) ...
#5 23.89 Setting up libcloudproviders0:amd64 (0.3.1-2) ...
#5 23.89 Setting up xkb-data (2.35.1-1) ...
#5 23.90 Setting up libhwy1:amd64 (1.0.3-3+deb12u1) ...
#5 23.90 Setting up libharfbuzz-gobject0:amd64 (6.0.0+dfsg-3) ...
#5 23.91 Setting up libxaw7:amd64 (2:1.0.14-1) ...
#5 23.91 Setting up libsvtav1enc1:amd64 (1.4.1+dfsg-1) ...
#5 23.91 Setting up libsoup-3.0-common (3.2.3-0+deb12u2) ...
#5 23.92 Setting up libunwind8:amd64 (1.6.2-3) ...
#5 23.92 Setting up python3-markupsafe (2.1.2-1+b1) ...
#5 23.98 Setting up wmctrl (1.07-7+b1) ...
#5 23.99 Setting up gir1.2-harfbuzz-0.0:amd64 (6.0.0+dfsg-3) ...
#5 23.99 Setting up librav1e0:amd64 (0.5.1-6) ...
#5 24.00 Setting up libcolord2:amd64 (1.4.6-2.2) ...
#5 24.00 Setting up shellcheck (0.9.0-1) ...
#5 24.00 Setting up libopengl0:amd64 (1.6.0-1) ...
#5 24.01 Setting up libxcb-util1:amd64 (0.4.0-1+b1) ...
#5 24.01 Setting up libpsl-dev:amd64 (0.21.2-1) ...
#5 24.02 Setting up libxxf86vm1:amd64 (1:1.1.4-1+b2) ...
#5 24.02 Setting up poppler-data (0.4.12-1) ...
#5 24.03 Setting up libcap2-bin (1:2.66-4+deb12u3+b1) ...
#5 24.04 Setting up libxcb-present0:amd64 (1.15-1) ...
#5 24.04 Setting up libdconf1:amd64 (0.40.0-4) ...
#5 24.05 Setting up libasound2-data (1.2.8-1) ...
#5 24.05 Setting up libid3tag0:amd64 (0.15.1b-14) ...
#5 24.06 Setting up libwayland-bin (1.21.0-1) ...
#5 24.06 Setting up libgraphite2-dev:amd64 (1.3.14-1+deb12u1) ...
#5 24.06 Setting up libfontenc1:amd64 (1:1.1.4-1) ...
#5 24.07 Setting up gir1.2-pango-1.0:amd64 (1.50.12+ds-1) ...
#5 24.07 Setting up libz3-4:amd64 (4.8.12-3.1) ...
#5 24.08 Setting up libjavascriptcoregtk-4.1-0:amd64 (2.50.6-1~deb12u2) ...
#5 24.08 Setting up libflac12:amd64 (1.4.2+ds-2) ...
#5 24.09 Setting up libgles2:amd64 (1.6.0-1) ...
#5 24.09 Setting up emacsen-common (3.0.5) ...
#5 24.11 Setting up libslang2:amd64 (2.3.3-3) ...
#5 24.12 Setting up adwaita-icon-theme (43-1) ...
#5 24.15 update-alternatives: using /usr/share/icons/Adwaita/cursor.theme to provide /usr/share/icons/default/index.theme (x-cursor-theme) in auto mode
#5 24.15 Setting up libepoxy0:amd64 (1.5.10-1) ...
#5 24.17 Setting up libxfixes3:amd64 (1:6.0.0-2) ...
#5 24.18 Setting up libxcb-sync1:amd64 (1.15-1) ...
#5 24.18 Setting up libjbig2dec0:amd64 (0.19-3+deb12u1) ...
#5 24.18 Setting up libavahi-common-data:amd64 (0.8-10+deb12u1) ...
#5 24.19 Setting up libgles1:amd64 (1.6.0-1) ...
#5 24.19 Setting up libdbus-1-3:amd64 (1.14.10-1~deb12u1) ...
#5 24.20 Setting up xfonts-encodings (1:1.0.4-2.2) ...
#5 24.20 Setting up libopus0:amd64 (1.3.1-3) ...
#5 24.20 Setting up libxinerama1:amd64 (2:1.1.4-3) ...
#5 24.21 Setting up libxv1:amd64 (2:1.0.11-1.1) ...
#5 24.21 Setting up libvorbis0a:amd64 (1.3.7-1) ...
#5 24.22 Setting up libidn12:amd64 (1.41-1) ...
#5 24.22 Setting up python3-markdown (3.4.1-2+deb12u1) ...
#5 24.30 Setting up libxrandr2:amd64 (2:1.5.2-2+b1) ...
#5 24.31 Setting up libobt2v5 (3.6.1-10) ...
#5 24.31 Setting up liborc-0.4-0:amd64 (1:0.4.33-2) ...
#5 24.32 Setting up libgav1-1:amd64 (0.18.0-1+b1) ...
#5 24.32 Setting up libxinerama-dev:amd64 (2:1.1.4-3) ...
#5 24.33 Setting up libsensors5:amd64 (1:3.6.0-7.1) ...
#5 24.33 Setting up libjxl0.7:amd64 (0.7.0-10+deb12u1) ...
#5 24.34 Setting up libglapi-mesa:amd64 (22.3.6-1+deb12u2) ...
#5 24.34 Setting up libvulkan1:amd64 (1.3.239.0-1) ...
#5 24.34 Setting up libsoup2.4-common (2.74.3-1+deb12u1) ...
#5 24.35 Setting up libxcb-dri2-0:amd64 (1.15-1) ...
#5 24.35 Setting up libgif7:amd64 (5.2.1-2.5+deb12u1) ...
#5 24.36 Setting up xdg-dbus-proxy (0.1.4-3+deb12u1) ...
#5 24.36 Setting up wayland-protocols (1.31-1) ...
#5 24.36 Setting up libtag1v5:amd64 (1.13-2+deb12u1) ...
#5 24.37 Setting up libdatrie-dev:amd64 (0.2.13-2+b1) ...
#5 24.37 Setting up libdv4:amd64 (1.0.0-15) ...
#5 24.38 Setting up libasyncns0:amd64 (0.8-6+b3) ...
#5 24.38 Setting up libxshmfence1:amd64 (1.3-1) ...
#5 24.38 Setting up at-spi2-common (2.46.0-5) ...
#5 24.39 Setting up libwavpack1:amd64 (5.6.0-1) ...
#5 24.39 Setting up libxcb-randr0:amd64 (1.15-1) ...
#5 24.40 Setting up dbus-session-bus-common (1.14.10-1~deb12u1) ...
#5 24.40 Setting up libllvm15:amd64 (1:15.0.6-4+b1) ...
#5 24.40 Setting up libtheora0:amd64 (1.1.1+dfsg.1-16.1+deb12u1) ...
#5 24.41 Setting up libasound2:amd64 (1.2.8-1+b1) ...
#5 24.41 Setting up libv4lconvert0:amd64 (1.22.1-5+b2) ...
#5 24.42 Setting up libharfbuzz-subset0:amd64 (6.0.0+dfsg-3) ...
#5 24.42 Setting up build-essential (12.9) ...
#5 24.42 Setting up libjson-glib-1.0-common (1.6.6-1) ...
#5 24.43 Setting up libvpx7:amd64 (1.12.0-1+deb12u5) ...
#5 24.43 Setting up sgml-base (1.31) ...
#5 24.45 Setting up libgtk2.0-common (2.24.33-2+deb12u1) ...
#5 24.46 Setting up libatk1.0-0:amd64 (2.46.0-5) ...
#5 24.46 Setting up libwayland-egl1:amd64 (1.21.0-1) ...
#5 24.46 Setting up libxkbfile1:amd64 (1:1.1.0-1) ...
#5 24.47 Setting up libopengl-dev:amd64 (1.6.0-1) ...
#5 24.47 Setting up libhunspell-1.7-0:amd64 (1.7.1-1) ...
#5 24.48 Setting up glib-networking-common (2.74.0-4) ...
#5 24.48 Setting up libxml2-utils (2.9.14+dfsg-1.3~deb12u6) ...
#5 24.49 Setting up libsamplerate0:amd64 (0.2.2-3) ...
#5 24.49 Setting up libdrm-common (2.4.114-1) ...
#5 24.50 Setting up libyuv0:amd64 (0.0~git20230123.b2528b0-1) ...
#5 24.50 Setting up libxcomposite1:amd64 (1:0.4.5-1) ...
#5 24.50 Setting up libxfont2:amd64 (1:2.0.6-1+deb12u1) ...
#5 24.51 Setting up libevdev2:amd64 (1.13.0+dfsg-1) ...
#5 24.52 Setting up iso-codes (4.15.0-1) ...
#5 24.52 Setting up libxmuu1:amd64 (2:1.1.3-3) ...
#5 24.53 Setting up dbus-bin (1.14.10-1~deb12u1) ...
#5 24.53 Setting up libgudev-1.0-0:amd64 (237-2) ...
#5 24.53 Setting up libpolkit-gobject-1-0:amd64 (122-3) ...
#5 24.54 Setting up libsecret-common (0.20.5-3) ...
#5 24.54 Setting up libgstreamer1.0-0:amd64 (1.22.0-2+deb12u1) ...
#5 24.55 Setcap worked! gst-ptp-helper is not suid!
#5 24.55 Setting up libmp3lame0:amd64 (3.100-6) ...
#5 24.56 Setting up libgraphene-1.0-0:amd64 (1.10.8-1) ...
#5 24.56 Setting up python3-mako (1.2.4+ds-1) ...
#5 24.64 Setting up libvorbisenc2:amd64 (1.3.7-1) ...
#5 24.65 Setting up libaa1:amd64 (1.4p5-50) ...
#5 24.65 Setting up libiec61883-0:amd64 (1.2.0-6+b1) ...
#5 24.66 Setting up libxft-dev:amd64 (2.3.6-1) ...
#5 24.66 Setting up libstartup-notification0:amd64 (0.12-6+b1) ...
#5 24.67 Setting up libxkbcommon0:amd64 (1.5.0-1) ...
#5 24.67 Setting up libwayland-client0:amd64 (1.21.0-1) ...
#5 24.68 Setting up gir1.2-graphene-1.0:amd64 (1.10.8-1) ...
#5 24.68 Setting up libavc1394-0:amd64 (0.5.4-5) ...
#5 24.69 Setting up glib-networking-services (2.74.0-4) ...
#5 24.69 Setting up libharfbuzz-dev:amd64 (6.0.0+dfsg-3) ...
#5 24.69 Setting up libdbusmenu-gtk3-4:amd64 (18.10.20180917~bzr492+repack1-3) ...
#5 24.70 Setting up libvulkan-dev:amd64 (1.3.239.0-1) ...
#5 24.70 Setting up libcaca0:amd64 (0.99.beta20-3+deb12u1) ...
#5 24.72 Setting up gir1.2-dbusmenu-glib-0.4:amd64 (18.10.20180917~bzr492+repack1-3) ...
#5 24.72 Setting up libavif15:amd64 (0.11.1-1+deb12u1) ...
#5 24.73 Setting up dictionaries-common (1.29.5) ...
#5 24.85 Setting up gir1.2-atk-1.0:amd64 (2.46.0-5) ...
#5 24.86 Setting up x11-xkb-utils (7.7+7) ...
#5 24.86 Setting up libmanette-0.2-0:amd64 (0.2.6-3+b1) ...
#5 24.86 Setting up libxkbcommon-dev:amd64 (1.5.0-1) ...
#5 24.87 Setting up libxcursor1:amd64 (1:1.2.1-1) ...
#5 24.87 Setting up libavahi-common3:amd64 (0.8-10+deb12u1) ...
#5 24.87 Setting up gobject-introspection (1.74.0-3) ...
#5 24.97 Setting up libgstreamer-plugins-base1.0-0:amd64 (1.22.0-3+deb12u6) ...
#5 24.97 Setting up dbus-daemon (1.14.10-1~deb12u1) ...
#5 24.98 Setting up libatspi2.0-0:amd64 (2.46.0-5) ...
#5 24.98 Setting up xfonts-utils (1:7.7+6) ...
#5 24.99 Setting up gir1.2-javascriptcoregtk-4.1:amd64 (2.50.6-1~deb12u2) ...
#5 24.99 Setting up libjson-glib-1.0-0:amd64 (1.6.6-1) ...
#5 25.00 Setting up libxfixes-dev:amd64 (1:6.0.0-2) ...
#5 25.00 Setting up libv4l-0:amd64 (1.22.1-5+b2) ...
#5 25.00 Setting up libxdo3:amd64 (1:3.20160805.1-5) ...
#5 25.01 Setting up libatk-bridge2.0-0:amd64 (2.46.0-5) ...
#5 25.01 Setting up libxrandr-dev:amd64 (2:1.5.2-2+b1) ...
#5 25.02 Setting up libsecret-1-0:amd64 (0.20.5-3) ...
#5 25.02 Setting up gstreamer1.0-plugins-base:amd64 (1.22.0-3+deb12u6) ...
#5 25.02 Setting up libgirepository1.0-dev (1.74.0-3) ...
#5 25.03 Setting up libshout3:amd64 (2.4.6-1+b1) ...
#5 25.03 Setting up libthai-dev:amd64 (0.1.29-1) ...
#5 25.04 Setting up libjack-jackd2-0:amd64 (1.9.21~dfsg-3) ...
#5 25.04 Setting up libdrm2:amd64 (2.4.114-1+b1) ...
#5 25.04 Setting up libflite1:amd64 (2.2-5) ...
#5 25.05 Setting up dbus-x11 (1.14.10-1~deb12u1) ...
#5 25.05 Setting up libwayland-cursor0:amd64 (1.21.0-1) ...
#5 25.06 Setting up xml-core (0.18+nmu1) ...
#5 25.15 Setting up libgraphene-1.0-dev (1.10.8-1) ...
#5 25.15 Setting up hunspell-en-us (1:2020.12.07-2) ...
#5 25.16 Setting up libpolkit-agent-1-0:amd64 (122-3) ...
#5 25.17 Setting up gir1.2-json-1.0:amd64 (1.6.6-1) ...
#5 25.17 Setting up libsndfile1:amd64 (1.2.0-1+deb12u1) ...
#5 25.18 Setting up xserver-common (2:21.1.7-3+deb12u13) ...
#5 25.18 Setting up libsysprof-4:amd64 (3.46.0-4) ...
#5 25.18 Setting up libxi-dev:amd64 (2:1.8-1+b1) ...
#5 25.19 Setting up libavahi-client3:amd64 (0.8-10+deb12u1) ...
#5 25.19 Setting up libjavascriptcoregtk-4.1-dev:amd64 (2.50.6-1~deb12u2) ...
#5 25.20 Setting up libatk1.0-dev:amd64 (2.46.0-5) ...
#5 25.20 Setting up libdrm-amdgpu1:amd64 (2.4.114-1+b1) ...
#5 25.20 Setting up libxtst-dev:amd64 (2:1.2.3-1.1) ...
#5 25.21 Setting up libxdamage-dev:amd64 (1:1.1.6-1) ...
#5 25.21 Setting up libdrm-nouveau2:amd64 (2.4.114-1+b1) ...
#5 25.22 Setting up xdotool (1:3.20160805.1-5) ...
#5 25.22 Setting up libxdo-dev (1:3.20160805.1-5) ...
#5 25.22 Setting up libgbm1:amd64 (22.3.6-1+deb12u2) ...
#5 25.23 Setting up libpulse0:amd64 (16.1+dfsg1-2+b1) ...
#5 25.24 Setting up libenchant-2-2:amd64 (2.3.3-2) ...
#5 25.24 Setting up libdrm-radeon1:amd64 (2.4.114-1+b1) ...
#5 25.24 Setting up libxcomposite-dev:amd64 (1:0.4.5-1) ...
#5 25.25 Setting up libxcursor-dev:amd64 (1:1.2.1-1) ...
#5 25.25 Setting up libjson-glib-dev:amd64 (1.6.6-1) ...
#5 25.25 Setting up libdrm-intel1:amd64 (2.4.114-1+b1) ...
#5 25.26 Setting up libgl1-mesa-dri:amd64 (22.3.6-1+deb12u2) ...
#5 25.26 Setting up dconf-service (0.40.0-4) ...
#5 25.27 Setting up gir1.2-atspi-2.0:amd64 (2.46.0-5) ...
#5 25.27 Setting up fonts-urw-base35 (20200910-7) ...
#5 25.35 Setting up libwayland-dev:amd64 (1.21.0-1) ...
#5 25.36 Setting up libegl-mesa0:amd64 (22.3.6-1+deb12u2) ...
#5 25.36 Setting up libpango1.0-dev:amd64 (1.50.12+ds-1) ...
#5 25.37 Setting up libcups2:amd64 (2.4.2-3+deb12u9) ...
#5 25.37 Setting up gir1.2-polkit-1.0 (122-3) ...
#5 25.37 Setting up libegl1:amd64 (1.6.0-1) ...
#5 25.38 Setting up libgs10-common (10.0.0~dfsg-11+deb12u8) ...
#5 25.38 Setting up libglx-mesa0:amd64 (22.3.6-1+deb12u2) ...
#5 25.39 Setting up libglx0:amd64 (1.6.0-1) ...
#5 25.39 Setting up dconf-gsettings-backend:amd64 (0.40.0-4) ...
#5 25.39 Setting up libgtk2.0-0:amd64 (2.24.33-2+deb12u1) ...
#5 25.41 Setting up libgl1:amd64 (1.6.0-1) ...
#5 25.41 Setting up gir1.2-gtk-2.0:amd64 (2.24.33-2+deb12u1) ...
#5 25.42 Setting up libpolkit-gobject-1-dev (122-3) ...
#5 25.42 Setting up x11-utils (7.7+5) ...
#5 25.45 Setting up libglx-dev:amd64 (1.6.0-1) ...
#5 25.46 Setting up libgtk2.0-dev:amd64 (2.24.33-2+deb12u1) ...
#5 25.46 Setting up libgtk-4-common (4.8.3+ds-2+deb12u1) ...
#5 25.47 Setting up libgl-dev:amd64 (1.6.0-1) ...
#5 25.47 Setting up libgtk-3-common (3.24.38-2~deb12u3) ...
#5 25.48 Setting up libgs10:amd64 (10.0.0~dfsg-11+deb12u8) ...
#5 25.48 Setting up gsettings-desktop-schemas (43.0-1) ...
#5 25.48 Setting up libegl-dev:amd64 (1.6.0-1) ...
#5 25.49 Setting up xvfb (2:21.1.7-3+deb12u13) ...
#5 25.49 Setting up libepoxy-dev:amd64 (1.5.10-1) ...
#5 25.50 Setting up libspectre1:amd64 (0.2.12-1) ...
#5 25.50 Setting up libgstreamer-gl1.0-0:amd64 (1.22.0-3+deb12u6) ...
#5 25.50 Setting up libimlib2:amd64 (1.10.0-4+deb12u1) ...
#5 25.51 Setting up libdbusmenu-glib-dev:amd64 (18.10.20180917~bzr492+repack1-3) ...
#5 25.51 Setting up libobrender32v5 (3.6.1-10) ...
#5 25.52 Setting up libgles-dev:amd64 (1.6.0-1) ...
#5 25.52 Setting up libglvnd-dev:amd64 (1.6.0-1) ...
#5 25.53 Setting up openbox (3.6.1-10) ...
#5 25.54 update-alternatives: using /usr/bin/openbox to provide /usr/bin/x-window-manager (x-window-manager) in auto mode
#5 25.54 update-alternatives: using /usr/bin/openbox-session to provide /usr/bin/x-session-manager (x-session-manager) in auto mode
#5 25.54 Setting up libegl1-mesa-dev:amd64 (22.3.6-1+deb12u2) ...
#5 25.57 Processing triggers for fontconfig (2.14.1-4) ...
#5 25.65 Processing triggers for libglib2.0-0:amd64 (2.74.6-2+deb12u9) ...
#5 25.67 Setting up libgtk-3-0:amd64 (3.24.38-2~deb12u3) ...
#5 25.68 Processing triggers for libc-bin (2.36-9+deb12u14) ...
#5 25.76 Setting up gir1.2-gtk-3.0:amd64 (3.24.38-2~deb12u3) ...
#5 25.77 Setting up libayatana-ido3-0.4-0:amd64 (0.9.3-1) ...
#5 25.78 Setting up gir1.2-ayatanaido3-0.4:amd64 (0.9.3-1) ...
#5 25.78 Setting up libgtk-4-1:amd64 (4.8.3+ds-2+deb12u1) ...
#5 25.81 Setting up glib-networking:amd64 (2.74.0-4) ...
#5 25.81 Setting up libayatana-indicator3-7:amd64 (0.9.3-1) ...
#5 25.82 Setting up gir1.2-gtk-4.0:amd64 (4.8.3+ds-2+deb12u1) ...
#5 25.82 Setting up libsoup2.4-1:amd64 (2.74.3-1+deb12u1) ...
#5 25.83 Setting up gstreamer1.0-plugins-good:amd64 (1.22.0-5+deb12u3) ...
#5 25.83 Setting up libgtk-4-dev:amd64 (4.8.3+ds-2+deb12u1) ...
#5 25.84 Setting up libsoup-3.0-0:amd64 (3.2.3-0+deb12u2) ...
#5 25.84 Setting up libadwaita-1-0:amd64 (1.2.2-1) ...
#5 25.85 Setting up libayatana-appindicator3-1 (0.5.92-1) ...
#5 25.86 Setting up gir1.2-soup-3.0:amd64 (3.2.3-0+deb12u2) ...
#5 25.86 Setting up libsysprof-ui-5:amd64 (3.46.0-4) ...
#5 25.87 Setting up gir1.2-ayatanaappindicator3-0.1 (0.5.92-1) ...
#5 25.87 Setting up libwebkit2gtk-4.1-0:amd64 (2.50.6-1~deb12u2) ...
#5 25.88 Setting up gir1.2-webkit2-4.1:amd64 (2.50.6-1~deb12u2) ...
#5 25.88 Setting up gir1.2-adw-1:amd64 (1.2.2-1) ...
#5 25.89 Setting up libadwaita-1-dev:amd64 (1.2.2-1) ...
#5 25.90 Setting up libsysprof-4-dev:amd64 (3.46.0-4) ...
#5 25.91 Setting up libsoup-3.0-dev:amd64 (3.2.3-0+deb12u2) ...
#5 25.92 Processing triggers for sgml-base (1.31) ...
#5 25.93 Setting up libdbus-1-dev:amd64 (1.14.10-1~deb12u1) ...
#5 26.00 Setting up libatspi2.0-dev:amd64 (2.46.0-5) ...
#5 26.01 Setting up libatk-bridge2.0-dev:amd64 (2.46.0-5) ...
#5 26.02 Setting up libgtk-3-dev:amd64 (3.24.38-2~deb12u3) ...
#5 26.02 Setting up libayatana-ido3-dev (0.9.3-1) ...
#5 26.03 Setting up libayatana-indicator3-dev (0.9.3-1) ...
#5 26.03 Setting up libwebkit2gtk-4.1-dev (2.50.6-1~deb12u2) ...
#5 26.04 Setting up libayatana-appindicator3-dev (0.5.92-1) ...
#5 26.05 Processing triggers for dictionaries-common (1.29.5) ...
#5 26.14 Processing triggers for libc-bin (2.36-9+deb12u14) ...
#5 26.25 [38;5;79m2026-09-22 21:10:45 - Installing pre-requisites[0m
#5 26.25 
#5 26.25 WARNING: apt does not have a stable CLI interface. Use with caution in scripts.
#5 26.25 
#5 26.33 Hit:1 http://deb.debian.org/debian bookworm InRelease
#5 26.36 Hit:2 http://deb.debian.org/debian bookworm-updates InRelease
#5 26.39 Hit:3 http://deb.debian.org/debian-security bookworm-security InRelease
#5 26.42 Reading package lists...
#5 26.73 Building dependency tree...
#5 26.84 Reading state information...
#5 26.85 2 packages can be upgraded. Run 'apt list --upgradable' to see them.
#5 26.85 
#5 26.85 WARNING: apt does not have a stable CLI interface. Use with caution in scripts.
#5 26.85 
#5 26.85 Reading package lists...
#5 27.11 Building dependency tree...
#5 27.20 Reading state information...
#5 27.29 ca-certificates is already the newest version (20250419~deb12u1).
#5 27.29 curl is already the newest version (7.88.1-10+deb12u15).
#5 27.29 gnupg is already the newest version (2.2.40-1.1+deb12u2).
#5 27.29 The following NEW packages will be installed:
#5 27.29   apt-transport-https
#5 27.37 0 upgraded, 1 newly installed, 0 to remove and 2 not upgraded.
#5 27.37 Need to get 25.2 kB of archives.
#5 27.37 After this operation, 35.8 kB of additional disk space will be used.
#5 27.37 Get:1 http://deb.debian.org/debian bookworm/main amd64 apt-transport-https all 2.6.1 [25.2 kB]
#5 27.45 debconf: delaying package configuration, since apt-utils is not installed
#5 27.47 Fetched 25.2 kB in 0s (309 kB/s)
#5 27.48 Selecting previously unselected package apt-transport-https.
#5 27.48 (Reading database ... (Reading database ... 5%(Reading database ... 10%(Reading database ... 15%(Reading database ... 20%(Reading database ... 25%(Reading database ... 30%(Reading database ... 35%(Reading database ... 40%(Reading database ... 45%(Reading database ... 50%(Reading database ... 55%(Reading database ... 60%(Reading database ... 65%(Reading database ... 70%(Reading database ... 75%(Reading database ... 80%(Reading database ... 85%(Reading database ... 90%(Reading database ... 95%(Reading database ... 100%(Reading database ... 38995 files and directories currently installed.)
#5 27.49 Preparing to unpack .../apt-transport-https_2.6.1_all.deb ...
#5 27.50 Unpacking apt-transport-https (2.6.1) ...
#5 27.52 Setting up apt-transport-https (2.6.1) ...
#5 27.60 
#5 27.60 WARNING: apt does not have a stable CLI interface. Use with caution in scripts.
#5 27.60 
#5 27.69 Hit:1 http://deb.debian.org/debian bookworm InRelease
#5 27.72 Hit:2 http://deb.debian.org/debian bookworm-updates InRelease
#5 27.73 Get:3 https://deb.nodesource.com/node_22.x nodistro InRelease [12.1 kB]
#5 27.75 Hit:4 http://deb.debian.org/debian-security bookworm-security InRelease
#5 27.79 Get:5 https://deb.nodesource.com/node_22.x nodistro/main amd64 Packages [12.0 kB]
#5 27.81 Fetched 24.2 kB in 0s (122 kB/s)
#5 27.81 Reading package lists...
#5 28.41 Building dependency tree...
#5 28.85 Reading state information...
#5 28.87 2 packages can be upgraded. Run 'apt list --upgradable' to see them.
#5 28.88 [1;34m2026-09-22 21:10:47 - Repository configured successfully.[0m
#5 28.88 [38;5;79m2026-09-22 21:10:47 - To install Node.js, run: apt install nodejs -y[0m
#5 28.88 [38;5;79m2026-09-22 21:10:47 - You can use N|solid Runtime as a node.js alternative[0m
#5 28.88 [1;32m2026-09-22 21:10:47 - To install N|solid Runtime, run: apt install nsolid -y 
#5 28.88 [0m
#5 28.88 Reading package lists...
#5 29.14 Building dependency tree...
#5 29.23 Reading state information...
#5 29.31 The following NEW packages will be installed:
#5 29.31   nodejs
#5 29.43 0 upgraded, 1 newly installed, 0 to remove and 2 not upgraded.
#5 29.43 Need to get 37.8 MB of archives.
#5 29.43 After this operation, 236 MB of additional disk space will be used.
#5 29.43 Get:1 https://deb.nodesource.com/node_22.x nodistro/main amd64 nodejs amd64 22.23.2-1nodesource1 [37.8 MB]
#5 30.09 debconf: delaying package configuration, since apt-utils is not installed
#5 30.10 Fetched 37.8 MB in 1s (54.3 MB/s)
#5 30.12 Selecting previously unselected package nodejs.
#5 30.12 (Reading database ... (Reading database ... 5%(Reading database ... 10%(Reading database ... 15%(Reading database ... 20%(Reading database ... 25%(Reading database ... 30%(Reading database ... 35%(Reading database ... 40%(Reading database ... 45%(Reading database ... 50%(Reading database ... 55%(Reading database ... 60%(Reading database ... 65%(Reading database ... 70%(Reading database ... 75%(Reading database ... 80%(Reading database ... 85%(Reading database ... 90%(Reading database ... 95%(Reading database ... 100%(Reading database ... 38999 files and directories currently installed.)
#5 30.13 Preparing to unpack .../nodejs_22.23.2-1nodesource1_amd64.deb ...
#5 30.13 Unpacking nodejs (22.23.2-1nodesource1) ...
#5 31.01 Setting up nodejs (22.23.2-1nodesource1) ...
#5 32.25 
#5 32.25 added 2 packages in 1s
#5 32.25 npm notice
#5 32.25 npm notice New major version of npm available! 10.9.8 -> 12.1.0
#5 32.25 npm notice Changelog: https://github.com/npm/cli/releases/tag/v12.1.0
#5 32.25 npm notice To update run: npm install -g npm@12.1.0
#5 32.25 npm notice
#5 DONE 32.5s

#6 [3/3] RUN groupadd -g 1000 builder &&     useradd -u 1000 -g 1000 -m -s /bin/bash builder &&     mkdir -p /cargo-cache /pnpm-store /home/builder/.local/share/pnpm /home/megastruktur /tmp/.X11-unix &&     chown -R 1000:1000 /cargo-cache /pnpm-store /home/builder /home/megastruktur &&     chmod 777 /cargo-cache /pnpm-store &&     chmod 1777 /tmp/.X11-unix
#6 DONE 0.2s

#7 exporting to image
#7 exporting layers
#7 exporting layers 23.0s done
#7 exporting manifest sha256:09387bf241928da3bea972ad453793d23e0b09e70615682d3bc61a2bdd0f825b 0.0s done
#7 exporting config sha256:9acccf7bb4154d2d7dfad4c9c6a6d7289ffa17f05489ba2b8c908d34751b860b done
#7 exporting attestation manifest sha256:9e9257d100ed274345444ec49383c8d59c0c5910cf6d17ff7cdea78e2b1d812a done
#7 exporting manifest list sha256:f2122c42e7e57a912fe36e7b7aeb604f7c06bf585340cf515b6989b318b692cf done
#7 naming to docker.io/library/orbitkit-linux-desktop:1 done
#7 unpacking to docker.io/library/orbitkit-linux-desktop:1
#7 unpacking to docker.io/library/orbitkit-linux-desktop:1 4.7s done
#7 DONE 27.7s
==================================================
Image built successfully: orbitkit-linux-desktop:1
Image ID: sha256:f2122c42e7e57a912fe36e7b7aeb604f7c06bf585340cf515b6989b318b692cf
Duration: 61s
==================================================
Exit code: 0
